USE `UCAACP`;
-- 需要SQL版本5.0及以上
-- Dumping data for table `user`
LOCK TABLES `user` WRITE;
DELETE FROM `user` WHERE TRUE;
/*!40000 ALTER TABLE `user` DISABLE KEYS */;
INSERT INTO `user` (`username`,`nickname`,`description`,`name`,`password`,`gender`,`school_province`,`school`,`secondary_unit`,`major`,`role`,`position`,`email`,`phone_number`,`qq`,`wechat`,`registration_time`) VALUES ('adm201001','','','陈雪峰','Adm2010!',1,340000,'安徽大学','学生工作处',NULL,3,'心理部负责人','chenxf@ahu.edu.cn','13656010001','125678001','chen_xuefeng','2025-10-15 19:22:00'),
                          ('adm201202','','','林玉华','Adm2012!',2,340000,'安徽大学','团委',NULL,3,'心理部负责人','linyh@ahu.edu.cn','13656010002','125678002','lin_yuhua','2025-10-15 19:22:00'),
                          ('adm201403','','','黄志强','Adm2014!',1,340000,'安徽大学','教务处',NULL,3,'心理部负责人','huangzhq@ahu.edu.cn','13656010003','125678003','huang_zq','2025-10-15 19:22:00'),
                          ('stu2021001','','','张明辉','Stu2021!',1,340000,'安徽大学','哲学学院','应用心理学',1,'学生','zhangmh2021@ahu.edu.cn','13856010001','245678001','zhangmh_2021','2025-10-15 19:22:00'),
                          ('stu2021002','','','李雪','Stu2021!',2,340000,'安徽大学','哲学学院','应用心理学',1,'学生','lixue2021@ahu.edu.cn','13856010002','245678002','lixue_psy','2025-10-15 19:22:00'),
                          ('stu2021003','','','王浩','Stu2021!',1,340000,'安徽大学','哲学学院','应用心理学',1,'学生','wanghao2021@ahu.edu.cn','13856010003','245678003','wanghao_2021','2025-10-15 19:22:00'),
                          ('stu2021004','','','刘芳','Stu2021!',2,340000,'安徽大学','哲学学院','应用心理学',1,'学生','liufang2021@ahu.edu.cn','13856010004','245678004','liufang_psy','2025-10-15 19:22:00'),
                          ('stu2021005','','','赵阳','Stu2021!',1,340000,'安徽大学','哲学学院','应用心理学',1,'学生','zhaoyang2021@ahu.edu.cn','13856010005','245678005','zhaoyang_2021','2025-10-15 19:22:00'),
                          ('stu2021006','','','陈静','Stu2021!',2,340000,'安徽大学','文学院','汉语言文学',1,'学生','chenjing2021@ahu.edu.cn','13856010006','245678006','chenjing_lang','2025-10-15 19:22:00'),
                          ('stu2021007','','','吴杰','Stu2021!',1,340000,'安徽大学','文学院','汉语言文学',1,'学生','wujie2021@ahu.edu.cn','13856010007','245678007','wujie_2021','2025-10-15 19:22:00'),
                          ('stu2021008','','','郑婷','Stu2021!',2,340000,'安徽大学','文学院','汉语言文学',1,'学生','zhengting2021@ahu.edu.cn','13856010008','245678008','zhengting_lang','2025-10-15 19:22:00'),
                          ('stu2021009','','','孙鹏','Stu2021!',1,340000,'安徽大学','数学科学学院','数学与应用数学',1,'学生','sunpeng2021@ahu.edu.cn','13856010009','245678009','sunpeng_math','2025-10-15 19:22:00'),
                          ('stu2021010','','','周琳','Stu2021!',2,340000,'安徽大学','数学科学学院','数学与应用数学',1,'学生','zhoul2021@ahu.edu.cn','13856010010','245678010','zhoul_math','2025-10-15 19:22:00'),
                          ('stu2021011','','','徐亮','Stu2021!',1,340000,'安徽大学','数学科学学院','信息与计算科学',1,'学生','xuliang2021@ahu.edu.cn','13856010011','245678011','xuliang_math','2025-10-15 19:22:00'),
                          ('stu2021012','','','马丽','Stu2021!',2,340000,'安徽大学','数学科学学院','信息与计算科学',1,'学生','mali2021@ahu.edu.cn','13856010012','245678012','mali_math','2025-10-15 19:22:00'),
                          ('stu2021013','','','朱强','Stu2021!',1,340000,'安徽大学','计算机科学与技术学院','计算机科学与技术',1,'学生','zhuqiang2021@ahu.edu.cn','13856010013','245678013','zhuqiang_cs','2025-10-15 19:22:00'),
                          ('stu2021014','','','胡敏','Stu2021!',2,340000,'安徽大学','计算机科学与技术学院','计算机科学与技术',1,'学生','humin2021@ahu.edu.cn','13856010014','245678014','humin_cs','2025-10-15 19:22:00'),
                          ('stu2021015','','','郭伟','Stu2021!',1,340000,'安徽大学','计算机科学与技术学院','软件工程',1,'学生','guowei2021@ahu.edu.cn','13856010015','245678015','guowei_se','2025-10-15 19:22:00'),
                          ('stu2021016','','','林燕','Stu2021!',2,340000,'安徽大学','计算机科学与技术学院','软件工程',1,'学生','linyan2021@ahu.edu.cn','13856010016','245678016','linyan_se','2025-10-15 19:22:00'),
                          ('stu2021017','','','何勇','Stu2021!',1,340000,'安徽大学','管理学院','工商管理',1,'学生','heyong2021@ahu.edu.cn','13856010017','245678017','heyong_mgmt','2025-10-15 19:22:00'),
                          ('stu2021018','','','高静','Stu2021!',2,340000,'安徽大学','管理学院','工商管理',1,'学生','gaojing2021@ahu.edu.cn','13856010018','245678018','gaojing_mgmt','2025-10-15 19:22:00'),
                          ('stu2021019','','','罗军','Stu2021!',1,340000,'安徽大学','管理学院','会计学',1,'学生','luojun2021@ahu.edu.cn','13856010019','245678019','luojun_acc','2025-10-15 19:22:00'),
                          ('stu2021020','','','谢婷','Stu2021!',2,340000,'安徽大学','管理学院','会计学',1,'学生','xieting2021@ahu.edu.cn','13856010020','245678020','xieting_acc','2025-10-15 19:22:00'),
                          ('stu2022001','','','黄志强','Stu2022!',1,340000,'安徽大学','经济学院','经济学',1,'学生','huangzhq2022@ahu.edu.cn','13856010021','245678021','huangzhq_eco','2025-10-15 19:22:00'),
                          ('stu2022002','','','杨雪','Stu2022!',2,340000,'安徽大学','经济学院','经济学',1,'学生','yangxue2022@ahu.edu.cn','13856010022','245678022','yangxue_eco','2025-10-15 19:22:00'),
                          ('stu2022003','','','吴子轩','Stu2022!',1,340000,'安徽大学','经济学院','金融学',1,'学生','wuzixuan2022@ahu.edu.cn','13856010023','245678023','wuzixuan_fin','2025-10-15 19:22:00'),
                          ('stu2022004','','','郑佳琪','Stu2022!',2,340000,'安徽大学','经济学院','金融学',1,'学生','zhengjq2022@ahu.edu.cn','13856010024','245678024','zhengjq_fin','2025-10-15 19:22:00'),
                          ('stu2022005','','','王浩宇','Stu2022!',1,340000,'安徽大学','法学院','法学',1,'学生','wanghy2022@ahu.edu.cn','13856010025','245678025','wanghy_law','2025-10-15 19:22:00'),
                          ('stu2022006','','','刘思雨','Stu2022!',2,340000,'安徽大学','法学院','法学',1,'学生','liusy2022@ahu.edu.cn','13856010026','245678026','liusy_law','2025-10-15 19:22:00'),
                          ('stu2022007','','','陈明','Stu2022!',1,340000,'安徽大学','新闻传播学院','新闻学',1,'学生','chenming2022@ahu.edu.cn','13856010027','245678027','chenming_jour','2025-10-15 19:22:00'),
                          ('stu2022008','','','赵雅琪','Stu2022!',2,340000,'安徽大学','新闻传播学院','新闻学',1,'学生','zhaoyq2022@ahu.edu.cn','13856010028','245678028','zhaoyq_jour','2025-10-15 19:22:00'),
                          ('stu2022009','','','孙伟','Stu2022!',1,340000,'安徽大学','新闻传播学院','广告学',1,'学生','sunwei2022@ahu.edu.cn','13856010029','245678029','sunwei_adv','2025-10-15 19:22:00'),
                          ('stu2022010','','','周琳','Stu2022!',2,340000,'安徽大学','新闻传播学院','广告学',1,'学生','zhoul2022@ahu.edu.cn','13856010030','245678030','zhoul_adv','2025-10-15 19:22:00'),
                          ('stu2022011','','','吴宇航','Stu2022!',1,340000,'安徽大学','物理与材料科学学院','物理学',1,'学生','wuyh2022@ahu.edu.cn','13856010031','245678031','wuyh_phy','2025-10-15 19:22:00'),
                          ('stu2022012','','','马晓雨','Stu2022!',2,340000,'安徽大学','物理与材料科学学院','物理学',1,'学生','maxy2022@ahu.edu.cn','13856010032','245678032','maxy_phy','2025-10-15 19:22:00'),
                          ('stu2022013','','','朱明','Stu2022!',1,340000,'安徽大学','化学化工学院','化学',1,'学生','zhuming2022@ahu.edu.cn','13856010033','245678033','zhuming_chem','2025-10-15 19:22:00'),
                          ('stu2022014','','','胡文静','Stu2022!',2,340000,'安徽大学','化学化工学院','化学',1,'学生','huwj2022@ahu.edu.cn','13856010034','245678034','huwj_chem','2025-10-15 19:22:00'),
                          ('stu2022015','','','郭峰','Stu2022!',1,340000,'安徽大学','生命科学学院','生物技术',1,'学生','guofeng2022@ahu.edu.cn','13856010035','245678035','guofeng_bio','2025-10-15 19:22:00'),
                          ('stu2022016','','','林小雨','Stu2022!',2,340000,'安徽大学','生命科学学院','生物技术',1,'学生','linxy2022@ahu.edu.cn','13856010036','245678036','linxy_bio','2025-10-15 19:22:00'),
                          ('stu2023001','','','徐亮','Stu2023!',1,340000,'安徽大学','电子信息工程学院','电子信息工程',1,'学生','xuliang2023@ahu.edu.cn','13856010037','245678037','xuliang_ee','2025-10-15 19:22:00'),
                          ('stu2023002','','','高婷','Stu2023!',2,340000,'安徽大学','电子信息工程学院','电子信息工程',1,'学生','gaoting2023@ahu.edu.cn','13856010038','245678038','gaoting_ee','2025-10-15 19:22:00'),
                          ('stu2023003','','','罗浩','Stu2023!',1,340000,'安徽大学','电子信息工程学院','通信工程',1,'学生','luohao2023@ahu.edu.cn','13856010039','245678039','luohao_comm','2025-10-15 19:22:00'),
                          ('stu2023004','','','谢雨桐','Stu2023!',2,340000,'安徽大学','电子信息工程学院','通信工程',1,'学生','xieyt2023@ahu.edu.cn','13856010040','245678040','xieyt_comm','2025-10-15 19:22:00'),
                          ('stu2023005','','','黄志强','Stu2023!',1,340000,'安徽大学','外语学院','英语',1,'学生','huangzhq2023@ahu.edu.cn','13856010041','245678041','huangzhq_eng','2025-10-15 19:22:00'),
                          ('stu2023006','','','杨佳琪','Stu2023!',2,340000,'安徽大学','外语学院','英语',1,'学生','yangjq2023@ahu.edu.cn','13856010042','245678042','yangjq_eng','2025-10-15 19:22:00'),
                          ('stu2023007','','','吴子昂','Stu2023!',1,340000,'安徽大学','外语学院','日语',1,'学生','wuziang2023@ahu.edu.cn','13856010043','245678043','wuziang_jp','2025-10-15 19:22:00'),
                          ('stu2023008','','','郑晓雨','Stu2023!',2,340000,'安徽大学','外语学院','日语',1,'学生','zhengxy2023@ahu.edu.cn','13856010044','245678044','zhengxy_jp','2025-10-15 19:22:00'),
                          ('stu2023009','','','王明','Stu2023!',1,340000,'安徽大学','艺术学院','音乐学',1,'学生','wangming2023@ahu.edu.cn','13856010045','245678045','wangming_music','2025-10-15 19:22:00'),
                          ('stu2023010','','','刘雅琪','Stu2023!',2,340000,'安徽大学','艺术学院','音乐学',1,'学生','liuyq2023@ahu.edu.cn','13856010046','245678046','liuyq_music','2025-10-15 19:22:00'),
                          ('stu2023011','','','陈宇','Stu2023!',1,340000,'安徽大学','艺术学院','美术学',1,'学生','chenyu2023@ahu.edu.cn','13856010047','245678047','chenyu_art','2025-10-15 19:22:00'),
                          ('stu2023012','','','赵梦琪','Stu2023!',2,340000,'安徽大学','艺术学院','美术学',1,'学生','zhaomq2023@ahu.edu.cn','13856010048','245678048','zhaomq_art','2025-10-15 19:22:00'),
                          ('stu2023013','','','孙浩','Stu2023!',1,340000,'安徽大学','体育学院','体育教育',1,'学生','sunhao2023@ahu.edu.cn','13856010049','245678049','sunhao_phys','2025-10-15 19:22:00'),
                          ('stu2023014','','','周雨桐','Stu2023!',2,340000,'安徽大学','体育学院','体育教育',1,'学生','zhouyt2023@ahu.edu.cn','13856010050','245678050','zhouyt_phys','2025-10-15 19:22:00'),
                          ('tea200601','','','张红梅','Tea2016!',2,340000,'安徽大学','文学院',NULL,2,'非心理部教职工','zhanghm_2006@ahu.edu.cn','13956030001','145678201','zhanghm_lang','2025-10-15 19:22:00'),
                          ('tea200702','','','李强','Tea2017!',1,340000,'安徽大学','计算机科学与技术学院',NULL,2,'非心理部教职工','liqiang_2007@ahu.edu.cn','13956030002','145678202','liqiang_cs','2025-10-15 19:22:00'),
                          ('tea200803','','','王丽娟','Tea2018!',2,340000,'安徽大学','数学科学学院',NULL,2,'非心理部教职工','wanglj_2008@ahu.edu.cn','13956030003','145678203','wanglj_math','2025-10-15 19:22:00'),
                          ('tea200904','','','赵建军','Tea2019!',1,340000,'安徽大学','管理学院',NULL,2,'非心理部教职工','zhaojj_2009@ahu.edu.cn','13956030004','145678204','zhaojj_mgmt','2025-10-15 19:22:00'),
                          ('tea201005','','','陈静','Tea2020!',2,340000,'安徽大学','经济学院',NULL,2,'非心理部教职工','chenjing_2010@ahu.edu.cn','13956030005','145678205','chenjing_eco','2025-10-15 19:22:00'),
                          ('tea201106','','','吴海涛','Tea2021!',1,340000,'安徽大学','法学院',NULL,2,'非心理部教职工','wuhaitao_2011@ahu.edu.cn','13956030006','145678206','wuhaitao_law','2025-10-15 19:22:00'),
                          ('tea201207','','','刘敏','Tea2022!',2,340000,'安徽大学','外语学院',NULL,2,'非心理部教职工','liumin_2012@ahu.edu.cn','13956030007','145678207','liumin_eng','2025-10-15 19:22:00'),
                          ('tea201308','','','黄伟','Tea2023!',1,340000,'安徽大学','电子信息工程学院',NULL,2,'非心理部教职工','huangwei_2013@ahu.edu.cn','13956030008','145678208','huangwei_ee','2025-10-15 19:22:00'),
                          ('tea201409','','','周丽','Tea2015!',2,340000,'安徽大学','新闻传播学院',NULL,2,'非心理部教职工','zhouli_2014@ahu.edu.cn','13956030009','145678209','zhouli_jour','2025-10-15 19:22:00'),
                          ('tea201501','','','李敏','Tea2015!',2,340000,'安徽大学','心理健康教育中心',NULL,2,'心理部咨询员','limin@ahu.edu.cn','13956010001','145678001','limin_tea','2025-10-15 19:22:00'),
                          ('tea201510','','','马明','Tea2024!',1,340000,'安徽大学','生命科学学院',NULL,2,'非心理部教职工','maming_2015@ahu.edu.cn','13956030010','145678210','maming_bio','2025-10-15 19:22:00'),
                          ('tea201602','','','张建国','Tea2016!',1,340000,'安徽大学','心理健康教育中心',NULL,2,'心理部咨询员','zhangjg@ahu.edu.cn','13956010002','145678002','zhang_jg','2025-10-15 19:22:00'),
                          ('tea201703','','','刘芳','Tea2017!',2,340000,'安徽大学','心理健康教育中心',NULL,2,'心理部咨询员','liuf@ahu.edu.cn','13956010003','145678003','liufang_psy','2025-10-15 19:22:00'),
                          ('tea201804','','','赵志强','Tea2018!',1,340000,'安徽大学','心理健康教育中心',NULL,2,'心理部咨询员','zhaozhq@ahu.edu.cn','13956010004','145678004','zhao_zq','2025-10-15 19:22:00'),
                          ('tea201905','','','陈明','Tea2019!',1,340000,'安徽大学','心理健康教育中心',NULL,2,'心理部咨询员','chenming@ahu.edu.cn','13956010005','145678005','chenming_psy','2025-10-15 19:22:00'),
                          ('tea202006','','','王静','Tea2020!',2,340000,'安徽大学','心理健康教育中心',NULL,2,'心理部咨询员','wangjing@ahu.edu.cn','13956010006','145678006','wangjing_tea','2025-10-15 19:22:00'),
                          ('tea202107','','','吴亮','Tea2021!',1,340000,'安徽大学','心理健康教育中心',NULL,2,'心理部咨询员','wuliang@ahu.edu.cn','13956010007','145678007','wuliang_psy','2025-10-15 19:22:00'),
                          ('tea202208','','','郑佳','Tea2022!',2,340000,'安徽大学','心理健康教育中心',NULL,2,'心理部咨询员','zhengjia@ahu.edu.cn','13956010008','145678008','zhengjia_tea','2025-10-15 19:22:00'),
                          ('tea202309','','','孙伟','Tea2023!',1,340000,'安徽大学','心理健康教育中心',NULL,2,'心理部咨询员','sunwei@ahu.edu.cn','13956010009','145678009','sunwei_psy','2025-10-15 19:22:00'),
                          ('tea202410','','','周琳','Tea2024!',2,340000,'安徽大学','心理健康教育中心',NULL,2,'心理部咨询员','zhoul@ahu.edu.cn','13956010010','145678010','zhoul_tea','2025-10-15 19:22:00');
/*!40000 ALTER TABLE `user` ENABLE KEYS */;
UNLOCK TABLES;

LOCK TABLES `appointment` WRITE;
DELETE FROM `appointment` WHERE TRUE;
/*!40000 ALTER TABLE `appointment` DISABLE KEYS */;
INSERT INTO `appointment` (`appointment_id`,`student_username`,`teacher_username`,`description`,`start_time`,`end_time`,`apply_time`,`status`) VALUES (1,'stu2021001','tea201501','考试压力大，注意力不集中','2025-10-23 14:00:00','2025-10-23 15:00:00','2025-10-21 09:30:00','ACCEPTED'),
                                 (2,'stu2021005','tea201602','宿舍矛盾，沟通无效','2025-10-23 15:30:00','2025-10-23 16:30:00','2025-10-21 10:15:00','ACCEPTED'),
                                 (3,'stu2021010','tea201703','考研焦虑，失眠严重','2025-10-24 09:00:00','2025-10-24 10:00:00','2025-10-21 11:00:00','WAITING'),
                                 (4,'stu2021015','tea201804','社交场合紧张，不敢说话','2025-10-24 10:30:00','2025-10-24 11:30:00','2025-10-21 13:45:00','REJECTED'),
                                 (5,'stu2021020','tea201905','情绪低落，对事物无兴趣','2025-10-24 14:00:00','2025-10-24 15:00:00','2025-10-21 15:20:00','ACCEPTED'),
                                 (6,'stu2022003','tea202006','学习动力不足，拖延严重','2025-10-25 09:30:00','2025-10-25 10:30:00','2025-10-21 08:50:00','ACCEPTED'),
                                 (7,'stu2022007','tea202107','与父母沟通不畅，经常争吵','2025-10-25 11:00:00','2025-10-25 12:00:00','2025-10-21 09:40:00','WAITING'),
                                 (8,'stu2022010','tea202208','社团与学习平衡困难','2025-10-25 14:30:00','2025-10-25 15:30:00','2025-10-21 10:20:00','ACCEPTED'),
                                 (9,'stu2022013','tea202309','自卑敏感，在意他人评价','2025-10-26 09:00:00','2025-10-26 10:00:00','2025-10-21 14:10:00','REJECTED'),
                                 (10,'stu2022016','tea202410','体测焦虑，发挥失常','2025-10-26 10:30:00','2025-10-26 11:30:00','2025-10-21 16:30:00','ACCEPTED'),
                                 (11,'stu2023002','tea201501','专业课难度大，跟不上进度','2025-10-27 14:00:00','2025-10-27 15:00:00','2025-10-21 09:10:00','ACCEPTED'),
                                 (12,'stu2023005','tea201602','室友作息冲突，影响休息','2025-10-27 15:30:00','2025-10-27 16:30:00','2025-10-21 11:50:00','WAITING'),
                                 (13,'stu2023008','tea201703','兼职与学习时间分配矛盾','2025-10-28 09:00:00','2025-10-28 10:00:00','2025-10-21 13:20:00','ACCEPTED'),
                                 (14,'stu2023010','tea201804','持续情绪低落，兴趣减退','2025-10-28 10:30:00','2025-10-28 11:30:00','2025-10-21 15:40:00','REJECTED'),
                                 (15,'stu2023012','tea201905','论文选题焦虑，无头绪','2025-10-28 14:00:00','2025-10-28 15:00:00','2025-10-21 16:10:00','ACCEPTED'),
                                 (16,'stu2021002','tea202006','考研复习计划不合理','2025-10-29 09:30:00','2025-10-29 10:30:00','2025-10-21 08:40:00','ACCEPTED'),
                                 (17,'stu2021003','tea202107','家庭经济压力大，自卑','2025-10-29 11:00:00','2025-10-29 12:00:00','2025-10-21 09:20:00','WAITING'),
                                 (18,'stu2021004','tea202208','社交能力弱，朋友少','2025-10-29 14:30:00','2025-10-29 15:30:00','2025-10-21 10:50:00','ACCEPTED'),
                                 (19,'stu2021006','tea202309','数学学习困难，挫败感强','2025-10-30 09:00:00','2025-10-30 10:00:00','2025-10-21 14:30:00','REJECTED'),
                                 (20,'stu2021007','tea202410','摄影爱好与学业平衡','2025-10-30 10:30:00','2025-10-30 11:30:00','2025-10-21 15:10:00','ACCEPTED'),
                                 (21,'stu2021008','tea201501','校园跑打卡压力大','2025-10-30 14:00:00','2025-10-30 15:00:00','2025-10-21 16:40:00','ACCEPTED'),
                                 (22,'stu2021009','tea201602','自习效率低，易走神','2025-10-31 09:30:00','2025-10-31 10:30:00','2025-10-21 08:30:00','WAITING'),
                                 (23,'stu2021011','tea201703','考研小组意见分歧','2025-10-31 11:00:00','2025-10-31 12:00:00','2025-10-21 09:10:00','ACCEPTED'),
                                 (24,'stu2021012','tea201804','时间管理混乱，效率低','2025-10-31 14:30:00','2025-10-31 15:30:00','2025-10-21 10:30:00','REJECTED'),
                                 (25,'stu2021013','tea201905','退出社团后被孤立','2025-11-01 09:00:00','2025-11-01 10:00:00','2025-10-21 14:50:00','ACCEPTED'),
                                 (26,'stu2021014','tea202006','800米体测恐惧','2025-11-01 10:30:00','2025-11-01 11:30:00','2025-10-21 15:30:00','ACCEPTED'),
                                 (27,'stu2021016','tea202107','违规电器被没收后的焦虑','2025-11-01 14:00:00','2025-11-01 15:00:00','2025-10-21 16:20:00','WAITING'),
                                 (28,'stu2021017','tea202208','数据结构学习困难','2025-11-02 09:30:00','2025-11-02 10:30:00','2025-10-21 08:50:00','ACCEPTED'),
                                 (29,'stu2021018','tea202309','宿舍矛盾反复，调解无效','2025-11-02 11:00:00','2025-11-02 12:00:00','2025-10-21 09:40:00','REJECTED'),
                                 (30,'stu2021019','tea202410','心理咨询后续跟进','2025-11-02 14:30:00','2025-11-02 15:30:00','2025-10-21 10:20:00','ACCEPTED'),
                                 (31,'stu2022001','tea201501','大二专业课适应困难','2025-11-03 09:00:00','2025-11-03 10:00:00','2025-10-21 14:10:00','ACCEPTED'),
                                 (32,'stu2022002','tea201602','咨询前过度紧张','2025-11-03 10:30:00','2025-11-03 11:30:00','2025-10-21 16:30:00','WAITING'),
                                 (33,'stu2022004','tea201703','算法题刷题效率低','2025-11-03 14:00:00','2025-11-03 15:00:00','2025-10-21 09:10:00','ACCEPTED'),
                                 (34,'stu2022005','tea201804','实习与考研选择困惑','2025-11-04 09:30:00','2025-11-04 10:30:00','2025-10-21 11:50:00','REJECTED'),
                                 (35,'stu2022006','tea201905','宿舍关系改善方法咨询','2025-11-04 11:00:00','2025-11-04 12:00:00','2025-10-21 13:20:00','ACCEPTED'),
                                 (36,'stu2022008','tea202006','时间管理APP使用无效','2025-11-04 14:30:00','2025-11-04 15:30:00','2025-10-21 15:40:00','ACCEPTED'),
                                 (37,'stu2022009','tea202107','摄影爱好与学业冲突','2025-11-05 09:00:00','2025-11-05 10:00:00','2025-10-21 16:10:00','WAITING'),
                                 (38,'stu2022011','tea202208','实习简历准备焦虑','2025-11-05 10:30:00','2025-11-05 11:30:00','2025-10-21 08:40:00','ACCEPTED'),
                                 (39,'stu2022012','tea202309','自习地点选择困惑','2025-11-05 14:00:00','2025-11-05 15:00:00','2025-10-21 09:20:00','REJECTED'),
                                 (40,'stu2022014','tea202410','校园卡丢失后的自责','2025-11-06 09:30:00','2025-11-06 10:30:00','2025-10-21 10:50:00','ACCEPTED'),
                                 (41,'stu2022015','tea201501','心理咨询方法反馈','2025-11-06 11:00:00','2025-11-06 12:00:00','2025-10-21 14:30:00','ACCEPTED'),
                                 (42,'stu2023001','tea201602','微积分学习困难','2025-11-06 14:30:00','2025-11-06 15:30:00','2025-10-21 15:10:00','WAITING'),
                                 (43,'stu2023003','tea201703','上课被批评后的恐惧','2025-11-07 09:00:00','2025-11-07 10:00:00','2025-10-21 16:40:00','ACCEPTED'),
                                 (44,'stu2023004','tea201804','情绪低落快速调整方法','2025-11-07 10:30:00','2025-11-07 11:30:00','2025-10-21 08:30:00','REJECTED'),
                                 (45,'stu2023006','tea201905','800米训练计划制定','2025-11-07 14:00:00','2025-11-07 15:00:00','2025-10-21 09:10:00','ACCEPTED'),
                                 (46,'stu2023007','tea202006','心理健康方向论文选题','2025-11-08 09:30:00','2025-11-08 10:30:00','2025-10-21 10:30:00','ACCEPTED'),
                                 (47,'stu2023009','tea202107','首次咨询准备事项','2025-11-08 11:00:00','2025-11-08 12:00:00','2025-10-21 14:50:00','WAITING'),
                                 (48,'stu2023011','tea202208','勤工助学面试紧张','2025-11-08 14:30:00','2025-11-08 15:30:00','2025-10-21 15:30:00','ACCEPTED'),
                                 (49,'stu2023013','tea202309','跑步呼吸技巧学习','2025-11-09 09:00:00','2025-11-09 10:00:00','2025-10-21 16:20:00','REJECTED'),
                                 (50,'stu2023014','tea202410','课堂发言勇气培养','2025-11-09 10:30:00','2025-11-09 11:30:00','2025-10-21 08:50:00','ACCEPTED');
/*!40000 ALTER TABLE `appointment` ENABLE KEYS */;
UNLOCK TABLES;

LOCK TABLES `post` WRITE;
DELETE FROM `post` WHERE TRUE;
/*!40000 ALTER TABLE `post` DISABLE KEYS */;
INSERT INTO `post` (`post_id`,`title`,`content`,`username`,`publish_time`,`is_anonymous`,`is_public`) VALUES (1,'大一新生报道需要带什么？','马上要报道了，除了录取通知书，还有哪些必备物品？求学长学姐支招','stu2021001','2025-10-01 09:15:30',0,1),
                          (2,'高数期末复习重点整理','整理了微积分前5章的重点公式，需要的同学可以私我，免费分享','stu2021005','2025-10-02 16:40:12',0,1),
                          (3,'想组建一个考研学习小组','目标是明年考研，想找3-4个同专业的同学一起打卡学习，有无意向？','stu2021010','2025-10-03 11:22:55',0,1),
                          (4,'宿舍限电功率是多少？','想买个小功率煮锅，怕跳闸，有人知道具体限电标准吗？','stu2021015','2025-10-04 20:30:08',1,1),
                          (5,'校园卡丢了怎么补办？','今天在图书馆丢了校园卡，补办流程是什么？需要带身份证吗？','stu2021020','2025-10-05 10:05:42',0,1),
                          (6,'心理咨询预约成功啦','终于约到了周三下午的咨询，有点紧张但又期待能解决问题','stu2022003','2025-10-06 14:20:19',1,0),
                          (7,'分享一波校园美景图','昨天傍晚在操场拍的晚霞，真的绝了！放在评论区了','stu2022007','2025-10-07 18:50:33',0,1),
                          (8,'如何平衡社团和学习？','加了两个社团后感觉时间完全不够用，作业经常熬夜赶','stu2022010','2025-10-08 21:15:27',0,1),
                          (9,'推荐学校附近的自习室','图书馆座位太抢手了，发现南门有家24小时自习室，环境不错','stu2022013','2025-10-09 08:40:05',0,1),
                          (10,'体测800米怎么练能过？','还有两周体测，800米一直是弱项，求速成训练方法','stu2022016','2025-10-10 15:30:41',1,1),
                          (11,'专业课太难跟不上怎么办','数据结构听得一脸懵，有没有学长能推荐些入门资料？','stu2023002','2025-10-11 10:18:22',0,1),
                          (12,'宿舍关系处理求助','和室友生活习惯差异太大，经常有小摩擦，该怎么沟通？','stu2023005','2025-10-12 22:05:17',1,0),
                          (13,'兼职信息分享','学校勤工助学中心招图书管理员，每周3次，时薪20，要的速报','stu2023008','2025-10-13 13:45:30',0,1),
                          (14,'情绪低落时该做些什么','最近总是提不起精神，不想学习也不想社交，正常吗？','stu2023010','2025-10-14 17:20:09',1,0),
                          (15,'期末论文选题求建议','心理学导论的结课论文，选什么主题比较好写又有深度？','stu2023012','2025-10-15 14:10:55',0,1),
                          (16,'校园跑打卡攻略','发现西区环路刷圈最容易计数，亲测有效，再也不怕断签了','stu2021008','2025-10-16 07:50:22',0,1),
                          (17,'寒假实习怎么找？','想找专业相关的实习，除了校招网还有哪些靠谱渠道？','stu2022005','2025-10-17 16:35:40',0,1),
                          (18,'被老师当众批评后很焦虑','上课回答错问题被点名批评，现在一上课就紧张，怎么办？','stu2023003','2025-10-18 20:40:15',1,0),
                          (19,'分享一个时间管理APP','用「番茄Todo」坚持了一个月，效率提升太多，推荐给大家','stu2021012','2025-10-19 11:25:33',0,1),
                          (20,'毕业答辩流程有哪些？','明年就要答辩了，想提前了解下流程和注意事项，求经验','stu2022011','2025-10-20 15:10:28',0,1);
/*!40000 ALTER TABLE `post` ENABLE KEYS */;
UNLOCK TABLES;

LOCK TABLES `reply` WRITE;
DELETE FROM `reply` WHERE TRUE;
/*!40000 ALTER TABLE `reply` DISABLE KEYS */;
INSERT INTO `reply` VALUES (1,'带录取通知书、身份证、档案，一寸照片多备几张！',1,'stu2021002','2025-10-01 10:00:15'),
                           (2,'被褥可以在学校买，质量还行，不用自己带',1,'stu2022001','2025-10-01 11:30:00'),
                           (3,'记得提前关注学校公众号，有报道流程指引',1,'tea201501','2025-10-01 14:20:22'),
                           (4,'同问，我也想知道需要带什么',1,'stu2023002','2025-10-01 16:40:00'),
                           (5,'档案一定要密封好，不然学校不收',1,'stu2021006','2025-10-02 09:10:25'),
                           (6,'求一份！微积分真的太难了',2,'stu2023001','2025-10-02 17:10:30'),
                           (7,'我有第五章的习题解析，可以一起分享',2,'stu2021006','2025-10-02 18:30:15'),
                           (8,'重点在微分方程部分，历年考题都有涉及',2,'tea201005','2025-10-02 20:15:00'),
                           (9,'第五章的重点是拉格朗日中值定理',2,'stu2021011','2025-10-03 09:40:30'),
                           (10,'我有往年真题，需要的话私我',2,'stu2023005','2025-10-03 14:20:15'),
                           (11,'我想加入！目标院校是同专业',3,'stu2021011','2025-10-03 12:05:40'),
                           (12,'可以用腾讯文档建个打卡表，方便同步进度',3,'stu2022008','2025-10-03 15:30:22'),
                           (13,'建议每周组织一次线下讨论，效率更高',3,'tea201804','2025-10-03 17:45:10'),
                           (14,'我也是同专业，求拉我进群',3,'stu2021013','2025-10-04 10:30:25'),
                           (15,'每天固定3小时学习，效率很高',3,'stu2022009','2025-10-04 16:20:18'),
                           (16,'宿舍限电500W，超过会自动断电',4,'stu2021016','2025-10-04 21:10:10'),
                           (17,'煮锅属于违规电器，查到会没收的',4,'stu2022014','2025-10-04 22:05:05'),
                           (18,'食堂早餐挺丰富的，没必要用煮锅',4,'tea202006','2025-10-05 08:30:30'),
                           (19,'买个功率转换器就行，别被发现',4,'stu2021015','2025-10-05 11:20:10'),
                           (20,'食堂的早餐包子挺好吃的',4,'stu2022012','2025-10-05 13:40:25'),
                           (21,'在行政楼一楼大厅，带身份证即可补办',5,'stu2021003','2025-10-05 11:10:25'),
                           (22,'补办后原卡余额会自动转移，放心',5,'stu2023006','2025-10-05 13:25:18'),
                           (23,'记得先在APP上挂失，避免被盗刷',5,'tea201308','2025-10-05 15:40:00'),
                           (24,'补办需要交20元工本费',5,'stu2021017','2025-10-06 09:30:30'),
                           (25,'挂失后24小时才能补办',5,'stu2022014','2025-10-06 14:10:15'),
                           (26,'第一次咨询都紧张，放轻松就好',6,'stu2022002','2025-10-06 15:05:30'),
                           (27,'李老师很温柔的，不用有压力',6,'stu2023009','2025-10-06 16:30:12'),
                           (28,'可以提前写好想聊的问题，提高效率',6,'tea200904','2025-10-06 18:15:45'),
                           (29,'咨询时长是50分钟，把握好时间',6,'stu2021019','2025-10-07 10:20:25'),
                           (30,'提前10分钟到就行，不用太早',6,'stu2022015','2025-10-07 14:10:40'),
                           (31,'求原图！太美了吧',7,'stu2021007','2025-10-07 19:30:20'),
                           (32,'昨天的晚霞确实绝，我也拍了',7,'stu2022009','2025-10-07 20:15:33'),
                           (33,'校园里的秋天值得多记录',7,'tea201602','2025-10-08 09:40:15'),
                           (34,'我也拍了，角度不同，一起发出来',7,'stu2021003','2025-10-08 14:20:15'),
                           (35,'校园的秋天真的太美了',7,'stu2022006','2025-10-08 16:50:33'),
                           (36,'建议退一个社团，贪多嚼不烂',8,'stu2021013','2025-10-08 22:00:10'),
                           (37,'用四象限法规划时间，优先处理重要的',8,'stu2023011','2025-10-09 08:40:40'),
                           (38,'学习为主，社团是辅助成长的',8,'tea201905','2025-10-09 10:15:00'),
                           (39,'我加了三个社团，已经快疯了',8,'stu2021007','2025-10-09 15:30:30'),
                           (40,'用时间管理APP真的有用',8,'stu2022008','2025-10-09 16:40:18'),
                           (41,'那家自习室我去过，Wi-Fi很快',9,'stu2021009','2025-10-09 09:25:10'),
                           (42,'图书馆早上7点开门，早去能抢到位置',9,'stu2022012','2025-10-09 10:50:25'),
                           (43,'教学楼空教室也可以自习，人少安静',9,'tea201207','2025-10-09 14:30:30'),
                           (44,'自习室需要预约吗？还是直接去',9,'stu2021009','2025-10-09 16:10:10'),
                           (45,'我一般去教学楼4楼，人很少',9,'stu2022010','2025-10-10 09:20:25'),
                           (46,'每天跑两圈，坚持一周就有效果',10,'stu2021014','2025-10-10 16:15:20'),
                           (47,'跑前记得热身，不然容易抽筋',10,'stu2023013','2025-10-10 17:40:18'),
                           (48,'呼吸节奏很重要，三步一呼三步一吸',10,'tea200803','2025-10-10 19:20:05'),
                           (49,'跑的时候跟着大部队，能省力',10,'stu2021012','2025-10-11 08:30:20'),
                           (50,'考前三天突击训练，效果显著',10,'stu2022011','2025-10-11 14:10:18'),
                           (51,'推荐看《数据结构与算法分析》，很基础',11,'stu2021017','2025-10-11 11:05:30'),
                           (52,'B站有王树森老师的课，讲得很细',11,'stu2022004','2025-10-11 13:20:22'),
                           (53,'可以去系里找助教答疑，每周有固定时间',11,'tea201703','2025-10-11 15:40:10'),
                           (54,'数据结构要多画图，理解更深刻',11,'stu2021014','2025-10-11 16:50:30'),
                           (55,'可以从简单的算法题开始练',11,'stu2022013','2025-10-12 09:10:22'),
                           (56,'可以开个宿舍会议，制定作息表',12,'stu2021018','2025-10-12 22:50:15'),
                           (57,'我之前也这样，后来找辅导员调解好了',12,'stu2022006','2025-10-13 09:30:40'),
                           (58,'互相包容很重要，也可以申请调换宿舍',12,'tea202107','2025-10-13 14:20:00'),
                           (59,'我和室友也有矛盾，后来各让一步好了',12,'stu2021016','2025-10-13 16:15:15'),
                           (60,'保持距离感，反而关系更好',12,'stu2022016','2025-10-13 18:40:40'),
                           (61,'这个岗位挺好的，还能顺便看书',13,'stu2021019','2025-10-13 14:30:20'),
                           (62,'报名截止到周五，要快！',13,'stu2023004','2025-10-13 15:45:15'),
                           (63,'勤工助学优先考虑家庭困难学生哦',13,'tea202208','2025-10-13 16:50:25'),
                           (64,'这个兼职还能加实践学分',13,'stu2021018','2025-10-14 09:30:20'),
                           (65,'我之前做过，工作很轻松',13,'stu2022002','2025-10-14 14:10:15'),
                           (66,'我也有过，出去走走晒晒太阳会好点',14,'stu2021004','2025-10-14 18:05:30'),
                           (67,'试试每天做一件小事，慢慢找回状态',14,'stu2022015','2025-10-14 19:30:40'),
                           (68,'如果持续超过两周，建议找心理老师聊聊',14,'tea202309','2025-10-15 10:20:10'),
                           (69,'我也是，可能是天气影响心情',14,'stu2021002','2025-10-15 14:30:30'),
                           (70,'试试听欢快的音乐，能改善情绪',14,'stu2022001','2025-10-15 16:10:40'),
                           (71,'积极心理学方向比较好写，资料多',15,'stu2021012','2025-10-15 15:05:20'),
                           (72,'我选的是青少年心理健康，导师很满意',15,'stu2023007','2025-10-15 16:30:18'),
                           (73,'选题不宜太大，聚焦一个具体问题更好',15,'tea200702','2025-10-15 17:45:00'),
                           (74,'社会心理学也不错，案例很多',15,'stu2021004','2025-10-16 09:20:20'),
                           (75,'导师更看重研究方法是否正确',15,'stu2022005','2025-10-16 14:40:18'),
                           (76,'东区操场也不错，人少圈数准',16,'stu2021008','2025-10-16 08:35:10'),
                           (77,'下雨天可以去地下车库刷，亲测有效',16,'stu2022005','2025-10-16 10:10:33'),
                           (78,'记得穿舒适的鞋子，避免受伤',16,'tea201409','2025-10-16 14:20:25'),
                           (79,'校园跑必须每天跑吗？还是累计',16,'stu2021006','2025-10-16 16:00:10'),
                           (80,'每月累计20公里就行，不用每天',16,'stu2022007','2025-10-17 09:30:33'),
                           (81,'实习僧和BOSS直聘都挺靠谱的',17,'stu2021020','2025-10-17 17:20:15'),
                           (82,'学校就业网的信息更匹配我们专业',17,'stu2022011','2025-10-17 18:40:40'),
                           (83,'可以找辅导员要往届学长的实习单位名单',17,'tea200601','2025-10-18 10:15:10'),
                           (84,'寒假实习竞争大，早点投简历',17,'stu2021008','2025-10-18 14:30:15'),
                           (85,'实习证明很重要，记得要盖章',17,'stu2022009','2025-10-18 16:10:40'),
                           (86,'老师批评是为了让你进步，别太在意',18,'stu2021001','2025-10-18 21:25:20'),
                           (87,'我之前也这样，后来主动问老师问题就好了',18,'stu2023014','2025-10-19 09:40:15'),
                           (88,'上课前多预习，回答问题会更有底气',18,'tea201106','2025-10-19 14:20:30'),
                           (89,'我也被批评过，后来努力学好了',18,'stu2021010','2025-10-19 16:30:20'),
                           (90,'别害怕犯错，谁都有不懂的',18,'stu2022010','2025-10-19 18:20:15'),
                           (91,'我用Forest，能种树还能专注',19,'stu2021010','2025-10-19 12:10:25'),
                           (92,'番茄工作法确实有效，25分钟一轮',19,'stu2022007','2025-10-19 14:30:18'),
                           (93,'关键还是要远离手机，专注当下',19,'tea202410','2025-10-19 16:45:05'),
                           (94,'我用滴答清单，管理任务很方便',19,'stu2021011','2025-10-20 09:20:25'),
                           (95,'关键是坚持，刚开始很难',19,'stu2022012','2025-10-20 11:10:18'),
                           (96,'答辩前多模拟几次，熟悉PPT',20,'stu2021005','2025-10-20 15:10:28'),
                           (97,'老师主要看逻辑和创新点，内容不用太多',20,'stu2022016','2025-10-20 15:10:28'),
                           (98,'提前一周提交论文，留修改时间',20,'tea201510','2025-10-20 15:10:28'),
                           (99,'答辩PPT控制在10页以内最好',20,'stu2021013','2025-10-20 15:10:28'),
                           (100,'提前准备好老师可能问的问题',20,'stu2022013','2025-10-20 15:10:28');
/*!40000 ALTER TABLE `reply` ENABLE KEYS */;
UNLOCK TABLES;

LOCK TABLES `post_report` WRITE;
/*!40000 ALTER TABLE `post_report` DISABLE KEYS */;
INSERT INTO `post_report` VALUES (1,1,'帖子未提醒“档案需密封”，可能导致新生遗漏关键步骤','stu2021002','2025-10-02 09:30:00'),
                                 (2,1,'未提及“户口迁移证”相关事宜，信息不全','adm201001','2025-10-02 11:15:00'),
                                 (3,1,'回复中“被褥可在学校买”未说明质量差异，存在误导','tea201501','2025-10-02 14:20:00'),
                                 (4,1,'未提醒“身份证复印件提前准备”，实用性不足','stu2022001','2025-10-02 16:40:00'),
                                 (5,1,'帖子内容过于简略，缺乏细分场景提示（如住校vs走读）','stu2023002','2025-10-03 08:50:00'),
                                 (6,2,'未标注公式适用章节，对基础差学生不友好','stu2023001','2025-10-03 10:20:00'),
                                 (7,2,'回复中“历年真题私发”可能涉及违规分享，存在版权风险','adm201202','2025-10-03 13:10:00'),
                                 (8,2,'未区分“学硕vs专硕”复习重点，针对性不足','tea201005','2025-10-03 15:30:00'),
                                 (9,2,'重点遗漏“多元函数积分”，知识不完整','stu2021006','2025-10-03 17:45:00'),
                                 (10,2,'推荐资料未说明版本，易导致学生买错','stu2022005','2025-10-04 09:10:00'),
                                 (11,3,'未说明“专业限制”，易导致跨专业学生无效报名','stu2021011','2025-10-04 11:25:00'),
                                 (12,3,'回复中“线下讨论”未提示防疫要求，存在安全隐患','adm201403','2025-10-04 14:00:00'),
                                 (13,3,'未明确“打卡频率”，小组规则模糊','tea201804','2025-10-04 16:20:00'),
                                 (14,3,'招募人数未限制，可能导致小组规模过大','stu2022008','2025-10-05 08:30:00'),
                                 (15,3,'未提及“退出机制”，缺乏后续保障','stu2023005','2025-10-05 10:45:00'),
                                 (16,4,'回复中“推荐功率转换器”属于违规建议，存在安全风险','adm201001','2025-10-05 13:20:00'),
                                 (17,4,'未明确“违规电器处罚标准”，警示不足','tea202006','2025-10-05 15:40:00'),
                                 (18,4,'帖子询问“煮锅使用”，涉及违规电器，内容不当','stu2022014','2025-10-05 17:10:00'),
                                 (19,4,'未引导“食堂替代方案”，反而讨论违规使用，价值导向错误','stu2021016','2025-10-06 09:00:00'),
                                 (20,4,'回复中“别被发现”属于侥幸心理引导，不当','tea200803','2025-10-06 11:30:00'),
                                 (21,5,'未说明“挂失后24小时才能补办”，信息不准确','stu2021003','2025-10-06 14:10:00'),
                                 (22,5,'回复中“工本费20元”未核实最新标准，可能误导','adm201202','2025-10-06 16:25:00'),
                                 (23,5,'未提醒“APP挂失路径”，实操性不足','tea201308','2025-10-07 08:40:00'),
                                 (24,5,'未区分“本科生vs研究生”补办流程，场景单一','stu2023006','2025-10-07 10:50:00'),
                                 (25,5,'帖子未说明“工作时间”，学生可能跑空','stu2022014','2025-10-07 13:15:00'),
                                 (26,6,'回复中“咨询时长50分钟”未核实，信息错误（实际为60分钟）','tea200904','2025-10-07 15:30:00'),
                                 (27,6,'未提醒“提前取消预约流程”，可能浪费咨询资源','adm201403','2025-10-07 17:45:00'),
                                 (28,6,'帖子传播“咨询紧张”情绪，缺乏积极引导','stu2022002','2025-10-08 09:10:00'),
                                 (29,6,'未说明“咨询室位置”，对新生不友好','stu2023009','2025-10-08 11:20:00'),
                                 (30,6,'回复中“不用太早到”可能导致学生迟到，误导','tea201602','2025-10-08 13:40:00'),
                                 (31,7,'回复中“一起发图”未提示版权，可能涉及侵权','adm201001','2025-10-08 15:50:00'),
                                 (32,7,'帖子无实质内容，属于灌水，占用平台资源','stu2021007','2025-10-08 17:20:00'),
                                 (33,7,'未提醒“拍照安全”（如登高拍照），存在隐患','tea201905','2025-10-09 08:30:00'),
                                 (34,7,'回复中“角度不同”无意义，属于冗余信息','stu2022009','2025-10-09 10:45:00'),
                                 (35,7,'帖子未标注拍照地点，实用性不足','stu2023003','2025-10-09 12:10:00'),
                                 (36,8,'回复中“退一个社团”过于绝对，缺乏个性化建议','tea202107','2025-10-09 14:20:00'),
                                 (37,8,'未提及“社团优先级选择”方法，内容笼统','adm201202','2025-10-09 16:30:00'),
                                 (38,8,'帖子传播“时间不够用”焦虑，未提供具体解决方案','stu2021013','2025-10-09 18:15:00'),
                                 (39,8,'回复中“四象限法”未说明操作步骤，实操性差','stu2023011','2025-10-10 08:50:00'),
                                 (40,8,'未区分“兴趣社团vs实践社团”，针对性不足','tea202208','2025-10-10 11:00:00'),
                                 (41,9,'未核实自习室资质，可能存在安全隐患','adm201403','2025-10-10 13:15:00'),
                                 (42,9,'回复中“教学楼空教室”未说明“上课时间不可用”，误导','stu2021009','2025-10-10 15:20:00'),
                                 (43,9,'未对比“校内vs校外自习室”优劣，建议片面','tea201207','2025-10-10 17:30:00'),
                                 (44,9,'帖子未说明自习室收费标准，信息不全','stu2022012','2025-10-11 08:40:00'),
                                 (45,9,'回复中“无需预约”可能导致学生无座位，误导','stu2023004','2025-10-11 10:50:00'),
                                 (46,10,'回复中“考前三天突击训练”易导致受伤，不当建议','tea200803','2025-10-11 13:00:00'),
                                 (47,10,'未提醒“热身具体动作”，存在安全风险','adm201001','2025-10-11 15:10:00'),
                                 (48,10,'帖子传播“体测焦虑”，缺乏心理疏导','stu2021014','2025-10-11 17:20:00'),
                                 (49,10,'回复中“跟着大部队”未考虑体能差异，建议片面','stu2023013','2025-10-12 08:30:00'),
                                 (50,10,'未区分“男生vs女生”训练方法，针对性不足','tea202309','2025-10-12 10:45:00'),
                                 (51,11,'推荐书籍未说明“入门级”，对基础差学生不友好','stu2021017','2025-10-12 13:00:00'),
                                 (52,11,'回复中“B站课程”未核实讲师资质，可能误导','adm201202','2025-10-12 15:15:00'),
                                 (53,11,'未提及“助教答疑时间”，实操性不足','tea201703','2025-10-12 17:25:00'),
                                 (54,11,'帖子传播“听不懂”负面情绪，缺乏积极引导','stu2022004','2025-10-13 08:40:00'),
                                 (55,11,'未区分“课堂vs课后”补救方法，内容笼统','stu2023007','2025-10-13 10:50:00'),
                                 (56,12,'回复中“申请调换宿舍”过于绝对，未优先建议沟通','tea202107','2025-10-13 13:10:00'),
                                 (57,12,'帖子传播“宿舍矛盾”负面情绪，缺乏解决方案','adm201403','2025-10-13 15:20:00'),
                                 (58,12,'未提醒“辅导员调解流程”，实操性不足','stu2021018','2025-10-13 17:30:00'),
                                 (59,12,'回复中“保持距离”易加剧矛盾，不当建议','stu2022006','2025-10-14 08:50:00'),
                                 (60,12,'未区分“生活习惯vs价值观”矛盾，针对性不足','tea201501','2025-10-14 11:00:00'),
                                 (61,13,'未说明“报名条件”（如绩点要求），信息不全','stu2021019','2025-10-14 13:15:00'),
                                 (62,13,'回复中“加实践学分”未核实，可能误导','adm201001','2025-10-14 15:25:00'),
                                 (63,13,'未提醒“工作时间与学习冲突”，缺乏提示','tea202208','2025-10-14 17:35:00'),
                                 (64,13,'帖子未说明“报名方式”，实操性不足','stu2023004','2025-10-15 08:45:00'),
                                 (65,13,'回复中“工作轻松”过于主观，易导致预期不符','stu2022002','2025-10-15 10:55:00'),
                                 (66,14,'回复中“晒太阳”对重度低落无效，建议片面','tea202309','2025-10-15 13:10:00'),
                                 (67,14,'未及时引导“心理求助”，延误干预时机','adm201202','2025-10-15 15:20:00'),
                                 (68,14,'帖子传播“情绪低落”，未提供专业支持','stu2021004','2025-10-15 17:30:00'),
                                 (69,14,'回复中“听音乐”无科学依据，属于无效建议','stu2022015','2025-10-16 08:40:00'),
                                 (70,14,'未区分“暂时低落vs持续抑郁”，针对性不足','tea201804','2025-10-16 10:50:00'),
                                 (71,15,'推荐“积极心理学”选题过于热门，易重复','stu2021012','2025-10-16 13:00:00'),
                                 (72,15,'回复中“选题不宜太大”过于笼统，无具体标准','adm201403','2025-10-16 15:10:00'),
                                 (73,15,'未提醒“选题需与导师沟通”，实操性不足','tea200702','2025-10-16 17:20:00'),
                                 (74,15,'帖子未说明“论文字数要求”，信息不全','stu2023007','2025-10-17 08:30:00'),
                                 (75,15,'回复中“研究方法”未举例，理解困难','stu2022005','2025-10-17 10:40:00'),
                                 (76,16,'回复中“地下车库刷圈”存在安全隐患，不当建议','adm201001','2025-10-17 13:00:00'),
                                 (77,16,'未提醒“跑步姿势”，易导致受伤','tea201409','2025-10-17 15:10:00'),
                                 (78,16,'帖子未说明“打卡规则”（如有效时间），信息不全','stu2021006','2025-10-17 17:20:00'),
                                 (79,16,'回复中“每月20公里”未核实最新标准，可能误导','stu2022007','2025-10-18 08:40:00'),
                                 (80,16,'未区分“跑步vs步行”打卡规则，针对性不足','stu2023008','2025-10-18 10:50:00'),
                                 (81,17,'推荐“BOSS直聘”未提醒“诈骗风险”，存在隐患','adm201202','2025-10-18 13:10:00'),
                                 (82,17,'未提及“实习证明盖章要求”，信息不全','tea200601','2025-10-18 15:20:00'),
                                 (83,17,'帖子未说明“实习时长要求”，针对性不足','stu2021020','2025-10-18 17:30:00'),
                                 (84,17,'回复中“早点投简历”过于笼统，无时间节点','stu2022011','2025-10-19 08:40:00'),
                                 (85,17,'未区分“专业vs非专业实习”，建议片面','stu2023009','2025-10-19 10:50:00'),
                                 (86,18,'帖子传播“上课紧张”负面情绪，缺乏积极引导','tea201106','2025-10-19 13:00:00'),
                                 (87,18,'回复中“主动问老师”未说明沟通技巧，实操性不足','adm201403','2025-10-19 15:10:00'),
                                 (88,18,'未提醒“课前预习具体方法”，建议笼统','stu2021001','2025-10-19 17:20:00'),
                                 (89,18,'帖子未区分“偶尔批评vs频繁批评”，针对性不足','stu2023014','2025-10-20 08:30:00'),
                                 (90,18,'回复中“别太在意”易导致学生忽视问题，不当','tea202006','2025-10-20 10:40:00'),
                                 (91,19,'推荐APP未说明“免费vs付费”，信息不全','stu2021010','2025-10-20 13:00:00'),
                                 (92,19,'回复中“远离手机”过于绝对，未考虑学习需求','adm201001','2025-10-20 15:10:00'),
                                 (93,19,'未提醒“APP依赖风险”，缺乏辩证建议','tea202410','2025-10-20 17:20:00'),
                                 (94,19,'帖子未区分“安卓vs苹果”APP差异，针对性不足','stu2022007','2025-10-21 08:40:00'),
                                 (95,19,'回复中“坚持很难”传播负面情绪，不当','stu2023010','2025-10-21 10:50:00'),
                                 (96,20,'回复中“PPT10页以内”过于绝对，未考虑专业差异','tea201510','2025-10-21 13:00:00'),
                                 (97,20,'未说明“答辩分组规则”，信息不全','adm201202','2025-10-21 15:10:00'),
                                 (98,20,'帖子未提醒“论文查重标准”，实操性不足','stu2021005','2025-10-21 17:20:00'),
                                 (99,20,'回复中“提前准备问题”未举例，理解困难','stu2022016','2025-10-22 08:30:00'),
                                 (100,20,'未区分“本科vs研究生”答辩流程，针对性不足','tea201905','2025-10-22 10:40:00');
/*!40000 ALTER TABLE `post_report` ENABLE KEYS */;
UNLOCK TABLES;


LOCK TABLES `psych_assessment_record` WRITE;
/*!40000 ALTER TABLE `psych_assessment_record` DISABLE KEYS */;
INSERT INTO `psych_assessment_record` VALUES (1,'DISCTest','DISC性格测试','stu2021001','【测评报告】\n测试用户：stu2021001（张明辉，哲学学院应用心理学）\n维度得分：支配型(D)68分、影响型(I)75分、稳健型(S)45分、尽责型(C)52分\n结论：外向沟通型性格，擅长团队协作与情绪带动，适合心理咨询、活动组织类角色\n建议：1. 参与心理部志愿咨询活动，发挥沟通优势；2. 加强细节把控（尽责型维度），提升测评报告撰写精度','2025-10-16 09:30:00'),
                                             (2,'MBTITest','MBTI职业性格测试','stu2021002','【测评报告】\n测试用户：stu2021002（李雪，哲学学院应用心理学）\n结果类型：INFP（调停者型）\n核心特质：共情力强、重视价值观、擅长深度思考\n职业适配：心理咨询师、艺术治疗师、高校心理辅导员\n建议：1. 选修“艺术心理学”课程，拓展治疗技能；2. 加入校园心理互助小组，积累实战经验','2025-10-16 14:15:00'),
                                             (3,'SCL90Test','SCL-90症状自评量表','stu2021009','【测评报告】\n测试用户：stu2021009（孙鹏，数学科学学院数学与应用数学）\n总分：132分（临界值160分，无明显心理症状）\n关键因子分：强迫症状1.6（因数学解题细节焦虑）、焦虑1.5（期末备考压力）、其他维度均<1.3\n结论：轻度考试焦虑，无躯体化或抑郁倾向\n建议：1. 用“错题分类法”拆解数学复习任务；2. 每天傍晚跑1公里，释放备考压力','2025-10-17 10:00:00'),
                                             (4,'HollandCareerTest','霍兰德职业兴趣测试','stu2021013','【测评报告】\n测试用户：stu2021013（朱强，计算机科学与技术学院）\n兴趣代码：IRE（研究型+现实型+企业型）\n适配职业：人工智能工程师、技术产品经理、IT项目负责人\n建议：1. 参与“校园AI创新大赛”，积累技术实践；2. 选修“项目管理”课程，提升企业型能力','2025-10-17 15:40:00'),
                                             (5,'SASTest','焦虑自评量表(SAS)','stu2021006','【测评报告】\n测试用户：stu2021006（陈静，文学院汉语言文学）\n标准分：49分（临界值50分，轻微焦虑）\n焦虑来源：论文写作瓶颈（古代文学方向）、社团活动冲突\n建议：1. 预约文学院导师论文指导；2. 用“四象限法”规划社团与学习时间，优先解决论文初稿','2025-10-18 08:50:00'),
                                             (6,'SDSTest','抑郁自评量表(SDS)','stu2021017','【测评报告】\n测试用户：stu2021017（何勇，管理学院工商管理）\n标准分：41分（临界值53分，无抑郁倾向）\n近期状态：因小组作业分歧情绪略低落，但主动沟通后已解决\n建议：1. 总结小组沟通经验，形成“分工模板”；2. 每周与室友打1次羽毛球，保持积极情绪','2025-10-18 14:20:00'),
                                             (7,'BigFivePersonalityTest','大五人格测试(FFM)','stu2022005','【测评报告】\n测试用户：stu2022005（王浩宇，法学院法学）\n维度得分：开放性62分、责任心80分、外倾性55分、宜人性68分、神经质38分\n结论：责任心极强，宜人性良好，适合法律实务、合规管理类工作\n建议：1. 参与“模拟法庭”竞赛，提升实务能力；2. 加入法律志愿服务队，践行社会责任','2025-10-19 11:10:00'),
                                             (8,'CareerAnchorTest','职业锚测试','stu2022001','【测评报告】\n测试用户：stu2022001（黄志强，经济学院经济学）\n核心职业锚：安全/稳定型\n特点：重视职业稳定性，倾向国企、事业单位等平台\n适配方向：央行分支机构、国有银行、政府经济部门\n建议：1. 关注“国考”“人行招聘”信息；2. 选修“货币银行学”进阶课程，夯实专业基础','2025-10-19 16:30:00'),
                                             (9,'InteractionAnxietyScaleTest','社交焦虑量表(IAS)','stu2023005','【测评报告】\n测试用户：stu2023005（黄志强，外语学院英语）\n总分：39分（临界值40分，轻微社交焦虑）\n表现：在英语演讲、外教沟通场景略紧张，日常社交正常\n建议：1. 加入“英语角”，从小组对话逐步过渡到演讲；2. 提前准备外教沟通话题（如文化差异），减少临场紧张','2025-10-20 09:40:00'),
                                             (10,'GeneralSelfEfficacyScaleTest','一般自我效能感量表(GSES)','stu2023001','【测评报告】\n测试用户：stu2023001（徐亮，电子信息工程学院）\n总分：32分（满分40分，较高自我效能感）\n表现：对电路设计、编程任务信心充足，对跨专业合作略犹豫\n建议：1. 参与“跨学科创新项目”（如电子+心理的智能测评设备）；2. 主动担任项目小组技术负责人，提升协作信心','2025-10-20 15:10:00'),
                                             (11,'StudyMotivationTest','大学生学习动机量表','stu2022015','【测评报告】\n测试用户：stu2022015（郭峰，生命科学学院生物技术）\n动机类型：内部动机70分（兴趣驱动）、外部动机35分（奖学金/就业）\n优势领域：微生物实验、基因测序方向\n建议：1. 申请实验室助理岗位，深入研究兴趣方向；2. 撰写实验心得投稿校园期刊，强化内部动机','2025-10-21 10:20:00'),
                                             (12,'CopingStyleQuestionnaireTest','应对方式问卷(CSQ)','stu2023013','【测评报告】\n测试用户：stu2023013（孙浩，体育学院体育教育）\n主导应对方式：解决问题65分、求助58分，回避20分\n典型场景：体育赛事失利后，主动复盘战术并请教教练\n建议：1. 分享“赛事复盘方法”给队友；2. 参与“运动心理辅导”培训，帮助运动员调整心态','2025-10-21 15:50:00'),
                                             (13,'FamilyAssessmentDeviceTest','家庭功能评定量表(FAD)','stu2023011','【测评报告】\n测试用户：stu2023011（陈宇，艺术学院美术学）\n总分：2.1分（临界值2.5分，家庭功能优秀）\n家庭支持：父母支持艺术创作，定期沟通学业困惑\n建议：1. 将家庭支持融入创作（如以“家庭温情”为主题作画）；2. 带父母参观校园艺术展，强化家庭联结','2025-10-22 09:10:00'),
                                             (14,'CollegeAdaptationTest','大学生适应性量表','stu2022007','【测评报告】\n测试用户：stu2022007（陈明，新闻传播学院新闻学）\n总分：88分（满分100分，适应优秀）\n维度表现：学习适应85分、人际适应90分、生活适应86分\n亮点：快速融入新闻社团，独立完成校园采访任务\n建议：1. 指导新生适应校园，担任“新生导师”；2. 参与校外媒体实习，拓展适应场景','2025-10-22 14:30:00'),
                                             (15,'EmotionRegulationQuestionnaireTest','情绪调节问卷(ERQ)','stu2022013','【测评报告】\n测试用户：stu2022013（朱明，化学化工学院化学）\n维度得分：认知重评72分、表达抑制38分\n表现：实验失败后，通过调整认知（“失败是数据积累”）缓解情绪，主动与同学分享经验\n建议：1. 开设“实验情绪管理”分享会；2. 学习“情绪日记”记录法，进一步提升调节精度','2025-10-23 10:00:00'),
                                             (16,'UCLALonelinessScaleTest','UCLA孤独感量表','stu2022011','【测评报告】\n测试用户：stu2022011（吴宇航，物理与材料科学学院物理学）\n总分：34分（临界值40分，无明显孤独感）\n社交状态：与实验室同学组成学习小组，周末一起运动\n建议：1. 组织“物理学史分享会”，拓展社交圈；2. 尝试线上学术交流（如物理论坛），丰富社交形式','2025-10-23 15:20:00'),
                                             (17,'InnovationThinkingTest','创新思维能力测评','stu2021015','【测评报告】\n测试用户：stu2021015（郭伟，计算机科学与技术学院软件工程）\n总分：78分（满分100分，较高创新能力）\n维度表现：流畅性80分、灵活性75分、独创性72分\n成果：曾设计“校园课表查询小程序”\n建议：1. 参加“全国大学生软件创新大赛”；2. 尝试将软件技术与心理测评结合（如开发简易测评APP）','2025-10-24 09:50:00'),
                                             (18,'PerceivedStressScaleTest','压力知觉量表(PSS)','stu2021019','【测评报告】\n测试用户：stu2021019（罗军，管理学院会计学）\n总分：20分（满分40分，中等压力）\n压力源：会计资格证备考、兼职时间冲突\n建议：1. 用“时间块划分”（上午备考、下午兼职）；2. 每周留半天“无压力时间”，完全放松身心','2025-10-24 15:00:00'),
                                             (19,'EysenckPersonalityTest','艾森克人格问卷(EPQ)','stu2023007','【测评报告】\n测试用户：stu2023007（吴子昂，外语学院日语）\n维度得分：外向性58分、神经质42分、精神质32分、掩饰性28分\n结论：性格平衡，情绪稳定，适合跨文化沟通类工作\n建议：1. 参与“中日文化交流活动”；2. 选修“商务日语”，提升职业适配性','2025-10-25 10:30:00'),
                                             (20,'InterpersonalTrustScaleTest','人际信任量表(ITS)','stu2021005','【测评报告】\n测试用户：stu2021005（赵阳，哲学学院应用心理学）\n总分：76分（满分100分，较高信任水平）\n表现：信任室友与班级同学，在小组项目中主动分工\n建议：1. 尝试带领跨专业小组（如心理+计算机）；2. 学习“信任建立技巧”，应用于未来心理咨询工作','2025-10-25 15:40:00');
/*!40000 ALTER TABLE `psych_assessment_record` ENABLE KEYS */;
UNLOCK TABLES;

LOCK TABLES `psych_knowledge` WRITE;
/*!40000 ALTER TABLE `psych_knowledge` DISABLE KEYS */;
INSERT INTO `psych_knowledge` VALUES (1,'大学生考试焦虑：3个实用缓解技巧','1. 认知调整：将“必须考高分”改为“尽力即可”，减少绝对化思维；2. 行为训练：考前1周每天模拟考试场景，适应紧张感；3. 生理放松：考前10分钟做“478呼吸法”（吸气4秒、屏息7秒、呼气8秒）。安徽大学心理咨询中心建议：若焦虑持续超过2周，可预约线下咨询。','tea201501','2025-10-16 09:30:00','adm201001','2025-10-17 14:20:00','PASSED'),
                                     (2,'宿舍矛盾调解：从“冷战”到“沟通”的4步走','1. 冷静期：矛盾爆发后先各自冷静1-2天，避免情绪化争吵；2. 主动沟通：用“我句式”表达感受（如“我觉得熬夜灯光影响我休息”而非“你别熬夜”）；3. 寻找共识：共同制定作息表（如23点后关灯、周末清洁分工）；4. 第三方协助：若沟通无效，可联系辅导员或心理部咨询员介入。','tea201602','2025-10-16 10:15:00','adm201202','2025-10-17 15:05:00','PASSED'),
                                     (3,'考研压力管理：拒绝“内卷”，科学规划','1. 目标拆解：将“考上研”拆分为“每月复习进度”“每周刷题量”，避免目标模糊导致的焦虑；2. 劳逸结合：每天保留30分钟运动时间（如校园跑、跳绳），促进多巴胺分泌；3. 心态调节：接受“偶尔效率低”是正常现象，避免因1天没学好而自我否定。安徽大学考研心理支持群：245678001（可添加心理部咨询员入群）。','tea201703','2025-10-16 11:00:00',NULL,NULL,'PENDING'),
                                     (4,'社交恐惧：大学生如何轻松融入集体？','1. 小步尝试：先从“和室友一起去食堂”“课堂主动回答1个小问题”开始，逐步扩大社交圈；2. 寻找共同点：通过社团、兴趣小组（如摄影、读书）认识同好，减少陌生感；3. 自我接纳：承认“社交紧张是正常的”，不必强迫自己“变成外向的人”，内向者也有独特的社交优势。','tea201804','2025-10-16 14:30:00','adm201403','2025-10-18 10:30:00','PASSED'),
                                     (5,'情绪低落自救指南：别让“坏情绪”困住你','1. 行动激活：即使不想动，也强迫自己做“小事”（如整理书桌、洗个热水澡），避免陷入“情绪-行为”恶性循环；2. 情绪记录：用笔记本或手机记录“今天开心的3件事”（如“食堂阿姨多给了一块肉”），积累积极体验；3. 求助信号：若连续1周情绪低落、对事物无兴趣，需及时联系心理中心（电话13956010001）。','tea201905','2025-10-16 15:15:00','adm201001','2025-10-18 11:15:00','PASSED'),
                                     (6,'体测焦虑：从“害怕”到“应对”的心理技巧','1. 认知重构：将“体测不过关很丢人”改为“体测是检验健康的方式，尽力就好”；2. 提前准备：考前2周每周练习2次800米/1000米，熟悉节奏（可约同学一起练，互相鼓励）；3. 考前暗示：站在起跑线时默念“我已经准备充分，能发挥出平时水平”，强化积极心理暗示。','tea202006','2025-10-17 09:00:00',NULL,NULL,'PENDING'),
                                     (7,'宿舍作息冲突：3个双赢解决方案','1. 分区作息：早睡者用遮光帘、耳塞，晚睡者用小台灯（亮度≤300流明）、戴耳机，减少互相干扰；2. 弹性调整：周末可适当放宽作息（如晚睡1小时、晚起1小时），工作日严格遵守；3. 定期沟通：每周日晚上开10分钟“宿舍小会”，及时调整作息问题，避免矛盾积累。','tea202107','2025-10-17 10:45:00','adm201202','2025-10-19 09:45:00','BANNED'),
                                     (8,'学习拖延：5分钟启动法帮你摆脱“拖延症”','1. 5分钟原则：告诉自己“只学5分钟”，通常进入状态后会自然延长学习时间；2. 任务拆解：将“写论文”拆分为“查资料→列提纲→写引言”，每个小任务控制在30分钟内；3. 环境优化：学习时远离手机（可放在宿舍另一个房间），用图书馆或自习室的“无干扰环境”提升专注度。','tea202208','2025-10-17 14:00:00','adm201403','2025-10-19 14:00:00','PASSED'),
                                     (9,'家庭沟通不畅：大学生如何与父母“好好说话”','1. 换位思考：理解父母“催学习、催恋爱”背后是关心，避免直接反驳；2. 主动分享：每周给父母打1次电话，主动说“今天专业课学了什么”“参加了什么活动”，减少信息差；3. 明确边界：若父母过度干涉（如强迫报培训班），可温和表达“我已经成年，能为自己的选择负责，需要时会找你们商量”。','tea202309','2025-10-17 15:30:00','adm201001','2025-10-19 15:30:00','PASSED'),
                                     (10,'兼职与学习平衡：避免“赚小钱，亏学业”','1. 优先级判断：兼职前问自己“是否影响专业课学习？每周是否有≥20小时学习时间？”，优先保证学业；2. 选择优质兼职：优先选与专业相关的兼职（如家教、实验室助理），既赚钱又积累经验；3. 时间管理：用“日历表”标注兼职时间和学习时间，避免冲突（如每周三晚上、周六下午兼职，其他时间专注学习）。','tea202410','2025-10-18 09:15:00',NULL,NULL,'PENDING'),
                                     (11,'论文选题焦虑：3个快速确定主题的方法','1. 兴趣导向：从“课程中最感兴趣的章节”入手（如心理学专业可选“大学生短视频成瘾心理分析”）；2. 数据可获：选择“能找到调研数据”的主题（如“安徽大学学生宿舍关系现状调研”，可通过问卷星收集数据）；3. 导师建议：提前与导师沟通“3个备选主题”，结合导师研究方向调整，减少后期修改成本。','tea201501','2025-10-18 10:00:00','adm201202','2025-10-20 10:00:00','PASSED'),
                                     (12,'社团与学习平衡：别让“社团忙”成为“成绩差”的借口','1. 合理取舍：最多加入2个社团（1个兴趣类、1个实践类），避免“贪多嚼不烂”；2. 时间规划：每天早上花5分钟列“待办清单”，标注“社团任务”和“学习任务”的优先级（如“今晚7点社团会议”“今晚9点写高数作业”）；3. 及时止损：若社团任务每周超过10小时，且影响专业课成绩（如出现挂科预警），可申请“暂退社团”，下学期再加入。','tea201602','2025-10-18 11:45:00','adm201403','2025-10-20 11:45:00','PASSED'),
                                     (13,'自卑心理调节：接受“不完美”，发现自己的优势','1. 优势清单：每天写1条“自己的优点”（如“今天主动帮同学解答了英语题”“跑步比上周快了10秒”），积累自我认同；2. 对比停止：避免拿自己的“缺点”和别人的“优点”比（如“别拿自己的成绩和学霸比，拿自己的今天和昨天比”）；3. 小步成功：通过完成“小目标”（如“课堂主动发言1次”“参加1次演讲比赛”）提升自信心，逐步摆脱自卑。','tea201703','2025-10-18 14:30:00','adm201001','2025-10-21 14:30:00','PASSED'),
                                     (14,'课堂注意力不集中：4个提升专注度的技巧','1. 主动参与：跟着老师思路“小声重复重点”“随时记笔记”（不用追求工整，重点是动起来）；2. 排除干扰：将手机调为“飞行模式”或放在书包里，避免频繁看消息；3. 提前预习：课前花10分钟看教材，了解“这节课要讲什么”，带着问题听课，更容易集中注意力；4. 适当休息：每45分钟（1节课）后站起来活动5分钟，避免大脑疲劳导致的注意力分散。','tea201804','2025-10-18 15:20:00',NULL,NULL,'PENDING'),
                                     (15,'校园跑打卡压力：如何轻松完成每月20公里','1. 碎片化时间：每天课后跑1-2公里（约10-15分钟），避免“周末一次性跑10公里”导致的疲劳；2. 同伴激励：约室友或同学一起跑，互相监督（如“每天晚上8点操场集合”）；3. 趣味化打卡：选择校园风景好的路线（如西区环路、图书馆旁小河边），边跑边欣赏风景，减少枯燥感。','tea201905','2025-10-19 09:00:00','adm201202','2025-10-21 09:00:00','BANNED'),
                                     (16,'实习选择困惑：考研还是实习？3步帮你决策','1. 自我评估：若专业课成绩排名前30%、对学术有兴趣，可优先考研；若想提前积累工作经验、家庭经济压力较大，可优先实习；2. 兼顾方案：若纠结，可选择“短期实习”（如寒假1个月），既不影响考研复习，又能体验工作；3. 咨询参考：找辅导员或专业老师聊“本专业考研vs实习的就业前景”，结合自身情况做决定，避免盲目跟风。','tea202006','2025-10-19 10:30:00','adm201403','2025-10-21 10:30:00','PASSED'),
                                     (17,'情绪失控：如何避免“一点就炸”的脾气','1. 暂停法：情绪上来时先“暂停3秒”（心里默数1-2-3），避免立刻发火；2. 原因分析：事后反思“为什么会生气”（如“室友没打招呼用了我的东西，我觉得不被尊重”），找到根本原因而非表面矛盾；3. 替代行为：若想发火，可先去阳台深呼吸、听1首舒缓的音乐，或去操场跑1圈，用积极行为替代冲动发火。','tea202107','2025-10-19 14:15:00','adm201001','2025-10-22 14:15:00','PASSED'),
                                     (18,'异地恋心理维护：大学生如何经营远距离爱情','1. 固定沟通：每天固定1个时间段视频通话（如晚上9点），分享“今天做了什么”“遇到了什么趣事”，保持情感连接；2. 共同目标：一起制定“短期目标”（如“下个月见面去打卡学校附近的火锅馆”）“长期目标”（如“毕业后去同一个城市工作”），减少距离带来的迷茫；3. 信任基础：避免过度猜忌（如“频繁查岗”“要求秒回消息”），给对方足够的个人空间，同时坦诚表达自己的感受（如“今天想你了”）。','tea202208','2025-10-19 15:45:00',NULL,NULL,'PENDING'),
                                     (19,'奖学金竞争压力：输了也不代表“我不行”','1. 认知调整：奖学金是“对过去努力的肯定”，不是“衡量个人价值的唯一标准”，没拿到不代表“比别人差”；2. 复盘总结：分析“没拿到奖学金的原因”（如“某门课分数低”“实践加分少”），针对性改进（如下学期多参加学科竞赛）；3. 多元发展：除了学习，可通过“社团 leadership”“志愿者服务”“兼职经验”提升综合能力，这些同样是未来就业的优势。','tea202309','2025-10-20 09:30:00','adm201202','2025-10-22 09:30:00','PASSED'),
                                     (20,'失眠困扰：大学生快速入睡的5个小技巧','1. 睡前1小时远离电子设备（手机、电脑），避免蓝光刺激大脑兴奋；2. 环境优化：宿舍保持安静（可用耳塞）、光线昏暗（用遮光帘）、温度适宜（22-24℃）；3. 放松训练：睡前做“渐进式肌肉放松”（从脚趾到头部，逐部位紧绷再放松），或听“白噪音”（如雨声、海浪声）；4. 作息规律：每天固定时间睡觉、起床（即使周末也不熬夜晚起），培养生物钟；5. 避免睡前刺激：睡前不喝奶茶、咖啡，不看恐怖/搞笑视频，避免情绪波动。','tea202410','2025-10-20 10:15:00','adm201403','2025-10-22 10:15:00','PASSED'),
                                     (21,'社交能力弱：从“不会说话”到“会聊天”的练习','1. 倾听优先：和同学聊天时多听少说，适时回应“是吗？”“后来呢？”，让对方感受到被重视；2. 话题储备：提前准备“安全话题”（如“最近看的电影”“学校新出的食堂菜品”“专业课老师的趣事”），避免冷场；3. 小步练习：每周主动和1个陌生同学打招呼（如“同学，请问这个座位有人吗？”），逐步积累社交经验。','tea201501','2025-10-20 14:00:00','adm201001','2025-10-23 14:00:00','PASSED'),
                                     (22,'考研冲刺期心态：别被“别人的进度”打乱节奏','1. 屏蔽干扰：减少刷“考研群”“小红书考研进度帖”的频率，避免看到“别人已经刷完3遍真题”而焦虑；2. 专注自己：按自己的复习计划推进（如“每天背50个单词、做2道高数题”），完成1项划1项，积累成就感；3. 接纳波动：允许自己“某几天效率低”，可适当调整计划（如效率低时少学1小时，多休息），避免因“赶进度”导致 burnout。','tea201602','2025-10-20 15:30:00',NULL,NULL,'PENDING'),
                                     (23,'兼职避雷指南：大学生别踩这3个坑','1. 拒绝“先交押金”：任何兼职（如家教、刷单）要求“先交中介费/押金”的都是骗局，果断拒绝；2. 核实信息：通过学校勤工助学中心、正规招聘平台（如实习僧）找兼职，避免轻信“朋友圈兼职广告”；3. 明确权责：兼职前和雇主确认“工作内容、薪资、结算时间”（最好写书面协议），避免后期薪资纠纷（如“雇主拖欠工资”）。','tea201703','2025-10-21 09:00:00','adm201202','2025-10-23 09:00:00','PASSED'),
                                     (24,'宿舍集体生活：3个细节提升室友好感度','1. 尊重边界：用室友的东西前先打招呼（如“我能用一下你的洗发水吗？”），借完及时归还；2. 主动付出：偶尔带份早餐、分享零食，或在室友生病时帮忙带饭，小举动拉近距离；3. 避免抱怨：不在背后说室友坏话，有矛盾直接沟通，营造积极的宿舍氛围。','tea201804','2025-10-21 10:45:00','adm201403','2025-10-23 10:45:00','BANNED'),
                                     (25,'情绪内耗：如何停止“想太多”的自我消耗','1. 行动打断：当陷入“反复想一件事”（如“刚才那句话是不是说错了”）时，立刻做1件具体的事（如整理书桌、喝水），转移注意力；2. 现实检验：问自己“这件事发生的概率有多大？”“即使发生了，我能应对吗？”，用理性替代焦虑；3. 活在当下：专注“现在要做的事”（如“现在要写作业”“现在要吃饭”），避免纠结“过去的失误”或“未来的担忧”。','tea201905','2025-10-21 14:15:00','adm201001','2025-10-24 14:15:00','PASSED'),
                                     (26,'体测后情绪调节：没达标也别“自我否定”','1. 客观看待：体测成绩受“先天体质、训练频率”影响，没达标不代表“身体差”，可通过后续训练提升；2. 制定计划：针对薄弱项目（如800米、立定跳远）制定训练计划（如每周练3次），下学期争取进步；3. 关注健康：体测的核心是“提醒关注健康”，即使没达标，只要平时保持运动（如每周3次30分钟运动），就是健康的生活方式。','tea202006','2025-10-21 15:45:00',NULL,NULL,'PENDING'),
                                     (27,'小组作业矛盾：如何高效合作不“内耗”','1. 明确分工：组队后第一时间拆分任务（如“A查资料、B写初稿、C做PPT、D汇报”），避免“有人忙有人闲”；2. 及时沟通：每周开1次小组会，同步进度，有问题及时提（如“我这部分遇到困难，需要大家帮忙”）；3. 包容差异：尊重不同的想法（如“PPT风格不同”“写作思路不同”），通过投票或协商达成共识，避免因“意见分歧”耽误进度。','tea202107','2025-10-22 09:30:00','adm201202','2025-10-24 09:30:00','PASSED'),
                                     (28,'毕业焦虑：从“迷茫”到“清晰”的3步规划','1. 自我探索：通过“霍兰德职业测试”“实习体验”明确自己的兴趣和能力（如“喜欢和人打交道，适合做HR”）；2. 目标拆解：将“找工作”拆分为“改简历→投简历→面试→入职”，每个阶段设定时间节点（如“11月前改好简历”）；3. 资源利用：参加学校招聘会、找学长内推、咨询就业指导中心老师，获取更多就业机会，减少迷茫感。','tea202208','2025-10-22 10:15:00','adm201403','2025-10-24 10:15:00','PASSED'),
                                     (29,'校园霸凌应对：别沉默，学会保护自己','1. 明确边界：若同学有“恶意调侃、孤立、肢体冲突”等行为，立刻明确说“不”，避免对方误以为你接受；2. 收集证据：保留聊天记录、录音（如对方霸凌时的对话），必要时交给辅导员或学校保卫处；3. 寻求帮助：告诉信任的老师、家长或心理部咨询员，不要独自承受，学校有义务保护学生免受霸凌。','tea202309','2025-10-22 14:00:00','adm201001','2025-10-25 14:00:00','PASSED'),
                                     (30,'考前复习效率：拒绝“假努力”，只做“有效复习”','1. 重点优先：根据老师划的重点、往年真题，聚焦“高频考点”（如“高数的微分方程、心理学的认知理论”），避免盲目翻书；2. 主动回忆：合上书后“默写知识点框架”“自己给自己讲题”，比“被动看书”效率高3倍；3. 劳逸结合：每学习1小时休息10分钟，避免长时间疲劳导致的“坐着看书但没记住”的假努力。','tea202410','2025-10-22 15:30:00',NULL,NULL,'PENDING'),
                                     (31,'家庭经济压力：大学生如何理性应对','1. 开源节流：通过“勤工助学”“奖学金”增加收入（如学校图书馆管理员、家教），减少不必要的开支（如少点外卖、不买非必需的奢侈品）；2. 主动沟通：和父母坦诚聊“家庭经济情况”，避免因“怕父母担心”而独自承受，父母通常会理解并支持（如“申请助学金”）；3. 资源利用：申请学校助学金、助学贷款（无利息），或参加“学费减免”项目，减轻家庭经济负担。','tea201501','2025-10-23 09:00:00','adm201202','2025-10-25 09:00:00','PASSED'),
                                     (32,'社交回避：不想参加聚会，是“内向”还是“心理问题”？','1. 区分标准：若“不想聚会”但不影响正常学习（如能和同学合作完成作业）、生活（如能正常买饭、上课），就是正常的内向；若“完全不敢和人说话”“躲在宿舍不出门”，则可能是社交恐惧，需咨询心理老师；2. 自我接纳：内向者不必强迫自己“参加所有聚会”，可选择“小范围聚会”（如和2-3个好友聚餐），享受独处的同时也保持社交；3. 适度挑战：每月参加1次“稍微超出舒适区”的社交活动（如班级聚餐、社团分享会），逐步提升社交适应力。','tea201602','2025-10-23 10:45:00','adm201403','2025-10-25 10:45:00','PASSED'),
                                     (33,'实习心态：别把“实习”当成“打杂”','1. 主动学习：即使做“复印、整理资料”等基础工作，也可观察“同事如何沟通”“领导如何处理问题”，积累职场经验；2. 积极提问：遇到不懂的问题（如“这个报表怎么制作”），主动向带教老师请教，态度诚恳（如“老师，我想请教一下这个问题，您有空吗？”）；3. 小处着手：主动承担“额外小事”（如“帮同事带份咖啡”“整理会议室”），给同事留下好印象，可能获得更多核心工作机会。','tea201703','2025-10-23 14:15:00',NULL,NULL,'PENDING'),
                                     (34,'情绪管理：大学生必备的“情绪急救包”','1. 愤怒时：去操场跑1圈、打枕头，或写“愤怒日记”（把想骂的话写下来再撕掉），释放情绪；2. 难过时：找好友倾诉、听欢快的音乐，或看1部喜剧电影，转移注意力；3. 焦虑时：做“54321感官练习”（说出5个看到的东西、4个听到的声音、3个摸到的东西、2个闻到的气味、1个尝到的味道），锚定当下，缓解焦虑。','tea201804','2025-10-23 15:45:00','adm201001','2025-10-26 15:45:00','PASSED'),
                                     (35,'宿舍卫生矛盾：从“互相指责”到“共同维护”','1. 制定公约：一起制定“宿舍卫生表”（如“周一A扫地、周二B拖地、周三C倒垃圾”），明确分工；2. 主动带头：若室友不遵守公约，先主动打扫，用行动带动（如“我今天打扫了阳台，大家也一起保持哦”），避免直接指责；3. 灵活调整：若某室友没时间打扫，可协商“下周补扫”，互相包容，避免因“卫生问题”伤和气。','tea201905','2025-10-24 09:30:00','adm201202','2025-10-26 09:30:00','BANNED'),
                                     (36,'考研复试心态：如何克服“怕面试”的恐惧','1. 提前模拟：找同学或心理部咨询员做“模拟面试”，练习“自我介绍”“专业问题回答”，熟悉面试流程；2. 准备充分：提前了解报考院校的复试内容（如“是否有英语口语测试”“专业问题侧重哪些方向”），针对性准备；3. 心态放松：告诉自己“复试是和老师平等交流，不是考试”，即使回答错了，也可坦诚说“这个问题我还没掌握，以后会加强学习”，展现学习态度。','tea202006','2025-10-24 10:15:00','adm201403','2025-10-26 10:15:00','PASSED'),
                                     (37,'校园恋爱：如何建立健康的恋爱关系','1. 平等尊重：不把“对方对自己好”当成理所当然，互相包容（如“尊重对方的学习时间，不频繁打扰”）；2. 独立自我：恋爱后仍保持“自己的社交圈、学习目标”，避免“恋爱脑”（如“为了陪对方而逃课”）；3. 理性分手：若感情出现问题（如“三观不合”“互相消耗”），果断和平分手，不纠缠、不诋毁，保持体面。','tea202107','2025-10-24 14:00:00',NULL,NULL,'PENDING'),
                                     (38,'学习动力不足：3个快速找回动力的方法','1. 找到原因：是“目标不清晰”（如“不知道为什么要学习”）还是“任务太难”（如“高数听不懂”），针对性解决（目标不清晰则制定小目标，任务太难则找老师补课）；2. 榜样激励：找1个“学习榜样”（如班级学霸、优秀学长），观察对方的学习习惯（如“每天早上7点去图书馆”），模仿并调整为自己的习惯；3. 即时反馈：每完成1个学习任务（如“背完1单元单词”），给自己1个小奖励（如“吃1块巧克力”“看10分钟视频”），用正反馈提升动力。','tea202208','2025-10-24 15:30:00','adm201001','2025-10-27 15:30:00','PASSED'),
                                     (39,'兼职与专业结合：让“赚钱”成为“提升能力”的机会','1. 专业相关兼职：心理学专业可做“家教（辅导心理学科目）”“问卷调研助理”；计算机专业可做“小程序开发”“软件测试”；2. 积累作品：兼职时保留“工作成果”（如“调研报告”“开发的小程序”），作为未来简历的“作品集”；3. 人脉积累：和兼职雇主、同事保持良好关系，未来可能获得“内推就业”机会（如“兼职公司招聘时优先推荐你”）。','tea202309','2025-10-25 09:00:00','adm201202','2025-10-27 09:00:00','PASSED'),
                                     (40,'情绪低落：别忽视“身边的小确幸”','1. 发现美好：每天记录“3件小确幸”（如“今天阳光很好”“食堂的菜很好吃”“同学帮我占了座位”），积累积极情绪；2. 帮助他人：做1件“小事”帮助别人（如“帮室友带饭”“给流浪猫喂粮”），通过利他行为提升自我价值感；3. 亲近自然：去学校操场、小树林散步，呼吸新鲜空气，自然环境能有效缓解低落情绪。','tea202410','2025-10-25 10:45:00','adm201403','2025-10-27 10:45:00','PASSED'),
                                     (41,'时间管理：大学生告别“拖延”的3个工具','1. 番茄工作法：学习25分钟，休息5分钟，4个番茄后休息20分钟，用“番茄Todo”APP计时；2. 四象限法：将任务分为“重要紧急”（如明天要交的作业）、“重要不紧急”（如复习下周考试）、“紧急不重要”（如帮同学带饭）、“不紧急不重要”（如刷短视频），优先做“重要紧急”和“重要不紧急”；3. 每日清单：每天早上花5分钟列“待办清单”，完成1项划1项，避免遗漏重要任务。','tea201501','2025-10-25 14:15:00',NULL,NULL,'PENDING'),
                                     (42,'考研调剂心态：别把“调剂”当成“失败”','1. 理性看待：调剂是“多一次机会”，不是“退而求其次”，很多调剂院校的专业实力也很强；2. 主动出击：提前了解“调剂院校名单”（如“中国研究生招生信息网”），联系目标院校的导师（发邮件介绍自己的成绩、科研经历），增加调剂成功率；3. 备选方案：若调剂不成功，可考虑“二战”“找工作”“考公”，避免“一条路走到黑”导致的心理压力。','tea201602','2025-10-25 15:45:00','adm201001','2025-10-28 15:45:00','PASSED'),
                                     (43,'宿舍噪音困扰：3个实用解决方法','1. 物理隔离：用耳塞（推荐3M隔音耳塞）、降噪耳机，减少噪音干扰；2. 主动沟通：温和地和噪音来源同学说“你晚上打电话声音有点大，我想早点休息，能不能小声点？”，避免指责；3. 灵活回避：若沟通无效，可去图书馆、自习室学习或休息，避开噪音时段（如“同学晚上10点后打电话，可提前1小时回宿舍洗漱”）。','tea201703','2025-10-26 09:30:00','adm201202','2025-10-28 09:30:00','BANNED'),
                                     (44,'社交自信：如何在“众人面前”不紧张','1. 提前准备：若要上台发言、演讲，提前写好稿子并练习3-5遍，熟悉内容后紧张感会减少；2. 聚焦内容：上台后专注“要讲的内容”，不是“别人怎么看我”，避免过度关注自己的表现；3. 接纳紧张：承认“紧张是正常的”，甚至可以主动说“我有点紧张，但我会尽力讲好”，坦诚的态度会让听众更包容。','tea201804','2025-10-26 10:15:00','adm201403','2025-10-28 10:15:00','PASSED'),
                                     (45,'实习压力：如何应对“职场新人”的焦虑','1. 降低期待：接受“刚开始实习会犯错”，把“犯错”当成“学习机会”（如“这次报表做错了，下次就知道怎么避免”）；2. 主动沟通：若工作太多做不完，及时和带教老师说“我现在手头有3个任务，您看哪个先做？”，避免独自承受压力；3. 自我调节：下班后做1件“放松的事”（如跑步、看剧、和朋友聊天），避免“工作压力”影响生活。','tea201905','2025-10-26 14:00:00',NULL,NULL,'PENDING'),
                                     (46,'学习方法：大学生如何“高效记笔记”','1. 康奈尔笔记法：将笔记本分为“笔记区（记重点）、关键词区（提炼核心）、总结区（课后总结）”，方便复习；2. 思维导图法：用“XMind”APP或手绘思维导图，梳理知识点框架（如“心理学理论的发展脉络”），适合逻辑类学科；3. 精简原则：笔记不是“抄书”，只记“老师强调的重点”“自己不懂的地方”“例子”，避免后期复习时找不到重点。','tea202006','2025-10-26 15:30:00','adm201001','2025-10-29 15:30:00','PASSED'),
                                     (47,'情绪失控后的修复：如何向“被自己伤害的人”道歉','1. 真诚认错：明确说“我错了”，不是“我不是故意的”（如“我昨天不该对你发火，对不起”）；2. 说明原因：简单解释“为什么会失控”（如“昨天考试没考好，心情不好，所以没控制住脾气”），不是找借口；3. 承诺改进：说“以后我会注意控制情绪，不会再这样了”，让对方感受到你的诚意。','tea202107','2025-10-27 09:00:00','adm201202','2025-10-29 09:00:00','PASSED'),
                                     (48,'考研复习疲惫：如何避免“ burnout ”（职业倦怠）','1. 定期休息：每周留1天“完全休息日”，不碰考研资料，做喜欢的事（如睡觉、看电影、和朋友玩）；2. 身体照顾：保证每天7-8小时睡眠，吃清淡有营养的食物（如食堂的蔬菜、鸡蛋），避免“熬夜复习、吃泡面”损害健康；3. 心态调整：把“考研”当成“一段成长经历”，不是“人生唯一的出路”，即使没考上，这段时间的坚持也会让你更自律。','tea202208','2025-10-27 10:45:00','adm201403','2025-10-29 10:45:00','PASSED'),
                                     (49,'校园求助：大学生遇到心理问题，该找谁帮忙？','1. 学校心理中心：安徽大学心理健康教育中心（地址：大学生活动中心3楼，电话13956010001），提供免费一对一咨询；2. 辅导员：辅导员熟悉你的情况，可提供“学业、生活、心理”全方位帮助；3. 信任的人：好友、家人、学长，通过倾诉缓解情绪，获得支持；4. 专业平台：若问题严重（如持续失眠、有自杀念头），可去三甲医院心理科（如安徽省精神卫生中心）就诊。','tea202309','2025-10-27 14:15:00',NULL,NULL,'PENDING'),
                                     (50,'时间碎片化利用：大学生如何“挤时间”学习','1. 通勤时间：上课路上用“背单词APP”（如百词斩）背单词、听“专业课知识点音频”（如自己提前录的重点）；2. 排队时间：食堂排队、取快递排队时，用手机看“短知识点”（如“高数公式、心理学名词解释”）；3. 课间时间：10分钟课间可“整理上节课的笔记”“预习下节课的内容”，避免浪费。','tea202410','2025-10-27 15:45:00','adm201001','2025-10-30 15:45:00','PASSED'),
                                     (51,'毕业季焦虑：如何平衡“毕业论文”和“找工作”','1. 时间拆分：每天上午写毕业论文（大脑清醒），下午投简历、参加面试（企业招聘多在下午），晚上总结当天进度；2. 优先级调整：若毕业论文有截止日期（如3月交初稿），优先保证论文进度；若有优质面试机会（如大厂校招），可暂时调整论文时间，面试后补；3. 资源整合：找同学组队写论文（如“一起查资料、互相修改”），节省时间；找学长内推工作，减少投简历的盲目性。','tea201501','2025-10-28 09:30:00','adm201202','2025-10-30 09:30:00','PASSED'),
                                     (52,'宿舍文化建设：打造“温暖有爱的宿舍氛围”','1. 定期团建：每月组织1次“宿舍团建”（如一起吃火锅、看电影、逛公园），增进感情；2. 互相支持：同学考试前帮忙占座、生病时帮忙带饭、失恋时陪伴安慰，体现宿舍温暖；3. 共同成长：一起制定“小目标”（如“本学期都不挂科”“一起减肥”），互相监督，共同进步。','tea201602','2025-10-28 10:15:00','adm201403','2025-10-30 10:15:00','BANNED'),
                                     (53,'社交边界：如何礼貌地“拒绝”别人','1. 明确拒绝：不用“我考虑一下”“可能不行”等模糊回答，直接说“不好意思，我帮不了你”，避免对方误解；2. 给出理由（可选）：若想让拒绝更易接受，可简单说理由（如“我今天要写论文，没时间帮你占座”），不是找借口；3. 提供替代方案（可选）：若能，可推荐别人帮忙（如“你可以找XX，他今天没课”），体现善意。','tea201703','2025-10-28 14:00:00',NULL,NULL,'PENDING'),
                                     (54,'考研资料选择：别再“盲目囤资料”','1. 优先真题：历年考研真题（如近10年数学真题、英语真题）是最重要的资料，能反映考点和出题规律；2. 精简资料：每科选择1本核心教材（如心理学《普通心理学》彭聃龄版）、1本习题册，避免“买10本资料却没时间看”；3. 参考学长经验：找考上目标院校的学长，问“他们用了哪些资料”，结合自身情况选择，避免踩坑（如“某本习题册答案错误多”）。','tea201804','2025-10-28 15:30:00','adm201001','2025-11-01 15:30:00','PASSED'),
                                     (55,'实习中的人际关系：如何和“同事”友好相处','1. 尊重前辈：对带教老师、老同事保持礼貌（如“老师好”“谢谢前辈”），不随意打断别人工作；2. 少八卦多做事：不参与“办公室八卦”（如“议论同事的私生活”），专注自己的工作，避免卷入是非；3. 主动帮忙：看到同事忙不过来时，主动问“需要帮忙吗？”（如“我帮你整理一下资料吧”），但不越权（如“不擅自做决定”）。','tea201905','2025-10-29 09:00:00','adm201202','2025-11-01 09:00:00','PASSED'),
                                     (56,'情绪日记：大学生记录情绪的“5个好处”','1. 自我觉察：通过记录“今天为什么生气/开心”，了解自己的情绪触发点（如“被别人否定会生气”）；2. 情绪释放：把“不敢说的话”写在日记里，释放压抑的情绪（如“今天和室友吵架，我很委屈”）；3. 问题解决：回顾日记时，发现“经常因为学习拖延而焦虑”，进而制定解决办法（如“用番茄工作法”）；4. 成长记录：过几个月回顾日记，会发现“自己比以前更会控制情绪了”，积累成就感；5. 隐私安全：选择“带密码的笔记本或APP”，确保情绪记录不被别人看到。','tea202006','2025-10-29 10:45:00',NULL,NULL,'PENDING'),
                                     (57,'校园跑安全：避免“运动受伤”的4个注意事项','1. 热身充分：跑步前做5-10分钟热身（如高抬腿、关节环绕、快走），避免肌肉拉伤；2. 装备合适：穿舒适的运动鞋（如跑鞋）、透气的运动服，避免穿拖鞋、牛仔裤跑步；3. 路线选择：选择平坦、光线充足的路线（如学校操场、西区环路），避免跑“坑洼、黑暗的小路”；4. 量力而行：根据自己的体力调整速度，不要“为了打卡快而冲刺”，感觉不适（如头晕、腹痛）立刻停下休息。','tea202107','2025-10-29 14:15:00','adm201403','2025-11-01 14:15:00','BANNED'),
                                     (58,'学习环境选择：图书馆、自习室、宿舍，哪个更适合你？','1. 图书馆：适合“需要高度专注”的学习（如写论文、复习考研），优点是安静、资源多（可查资料），缺点是需要占座；2. 自习室：适合“小组学习、讨论”（如小组作业、考研小组），优点是可互相讨论，缺点是可能有轻微噪音；3. 宿舍：适合“碎片化学习、轻松学习”（如背单词、整理笔记），优点是方便、舒适，缺点是容易受室友干扰；4. 选择建议：根据学习任务选环境（如“写论文去图书馆，背单词在宿舍”），避免“一刀切”。','tea202208','2025-10-29 15:45:00','adm201001','2025-11-02 15:45:00','PASSED'),
                                     (59,'毕业旅行：如何规划“安全又划算”的毕业旅行','1. 预算控制：选择“周边游”（如安徽黄山、浙江杭州），避免“长途游”（如新疆、西藏）节省交通费用；AA制分摊住宿、餐饮费用，避免经济纠纷；2. 安全第一：选择正规旅行社或和“熟悉的同学”一起去，不单独和陌生人旅行；提前告诉父母“旅行路线、同行人、联系方式”；3. 时间规划：在“毕业论文答辩后、毕业典礼前”旅行（如5月），避免影响毕业事宜；旅行时间控制在3-5天，避免过度疲劳。','tea202309','2025-10-30 09:30:00','adm201202','2025-11-02 09:30:00','PASSED'),
                                     (60,'心理弹性：大学生如何提升“抗挫折能力”','1. 认知重构：把“挫折”当成“成长的机会”（如“面试失败”→“知道了自己的不足，下次改进”），不是“对自己的否定”；2. 积累成功经验：从小事做起（如“每天背10个单词”“跑1公里”），完成后积累成就感，逐步提升自信；3. 寻求支持：遇到挫折时，找老师、同学、家人倾诉，获得鼓励和建议，避免独自承受；4. 自我关怀：即使失败了，也对自己说“我已经尽力了，没关系”，避免自我批判。','tea202410','2025-10-30 10:15:00',NULL,NULL,'PENDING'),
                                     (61,'考研复试礼仪：这些“细节”能加分','1. 着装得体：穿“简约整洁”的衣服（如衬衫、牛仔裤、休闲鞋），避免“过于随意”（如睡衣、拖鞋）或“过于正式”（如西装革履）；2. 准时到场：提前15分钟到达复试地点，熟悉环境，避免迟到（若线上复试，提前测试网络、设备）；3. 礼貌用语：见到老师说“老师好”，回答完问题说“谢谢老师”，结束时说“老师辛苦了”；4. 诚实回答：不会的问题直接说“这个问题我还没掌握，以后会加强学习”，不编造答案，老师更看重诚实的态度。','tea201501','2025-10-30 14:00:00','adm201403','2025-11-02 14:00:00','PASSED'),
                                     (62,'实习总结：如何写“让HR眼前一亮”的实习报告','1. 结构清晰：包含“实习目的、实习内容、实习成果、实习感悟、未来计划”5部分，逻辑连贯；2. 数据量化：用数据体现成果（如“整理了100份客户资料，协助完成5个项目，提高了20%的工作效率”），避免“干巴巴的描述”；3. 反思深刻：不仅写“做了什么”，还要写“学到了什么”（如“学会了用Excel做数据透视表”）“遇到的问题及解决方法”（如“沟通不畅→主动和同事定期同步进度”）；4. 排版美观：用统一的字体、格式，适当插入“图表”（如项目进度图），避免错别字。','tea201602','2025-10-30 15:30:00','adm201001','2025-11-03 15:30:00','PASSED'),
                                     (63,'宿舍安全：大学生必须注意的3个安全问题','1. 用电安全：不使用违规电器（如煮锅、电暖器），不私拉乱接电线，离开宿舍时拔掉充电器、台灯等电源；2. 财产安全：关好门窗（尤其是离开宿舍时），不把贵重物品（如电脑、手机）随意放在桌上，校园卡丢失后及时挂失；3. 人身安全：不轻易给陌生人开门，不晚归（遵守宿舍门禁时间），遇到可疑人员（如陌生推销、偷窥）及时联系宿管或保卫处。','tea201703','2025-10-31 09:00:00','adm201202','2025-11-03 09:00:00','BANNED'),
                                     (64,'情绪调节：大学生常用的“3个心理小技巧”','1. 深呼吸放松法：当焦虑、紧张时，做“腹式呼吸”（吸气时肚子鼓起，呼气时肚子收缩），重复5-10次，快速平静情绪；2. 积极自我暗示：每天早上对自己说“今天我能行”“我会有好运气”，强化积极心态；3. 转移注意力：情绪不好时，做“喜欢的事”（如画画、唱歌、打游戏），转移对负面情绪的关注，缓解压力。','tea201804','2025-10-31 10:45:00',NULL,NULL,'PENDING'),
                                     (65,'考研调剂流程：一步步教你“成功调剂”','1. 查调剂信息：登录“中国研究生招生信息网”（研招网），在“调剂服务系统”开放后（通常3-4月），查询目标院校的调剂名额；2. 联系导师：给目标院校的导师发邮件，内容包含“个人简历（成绩、科研经历）、调剂意向、为什么选择该导师”，邮件标题注明“XX专业调剂-姓名-本科院校”；3. 填报志愿：在研招网调剂系统填报3个平行志愿（每个志愿锁定24-36小时），填报后耐心等待院校审核；4. 参加复试：若院校审核通过，会通知参加复试（流程和一志愿复试类似），复试通过后，院校会发送“待录取通知”，需在规定时间内确认。','tea201905','2025-10-31 14:15:00','adm201403','2025-11-03 14:15:00','PASSED'),
                                     (66,'实习中的沟通技巧：如何“高效和同事沟通”','1. 清晰表达：说清楚“自己的需求、时间节点”（如“这个报表我需要明天上午用，您能今天下午发给我吗？”），避免模糊；2. 积极倾听：听同事说话时，点头、眼神交流，适时回应“我理解”“然后呢？”，让对方知道你在认真听；3. 选择合适的沟通方式：紧急事情（如“会议提前10分钟”）用微信、电话；复杂事情（如“项目方案讨论”）面对面沟通，避免误解。','tea202006','2025-10-31 15:45:00','adm201001','2025-11-04 15:45:00','PASSED'),
                                     (67,'学习动力：如何找到“持续学习”的内在动力','1. 明确意义：想清楚“为什么要学习”（如“学习心理学是为了帮助别人”“学好英语是为了看原版文献”），内在意义比“考高分”更能持久；2. 分解目标：将“长期目标”（如“期末考90分”）拆分为“短期目标”（如“每周背20个单词、做1套真题”），完成短期目标后获得成就感，激励继续；3. 找到乐趣：在学习中寻找“兴趣点”（如“学习历史时，关注有趣的历史故事”“学习数学时，享受解题的成就感”），让学习变得不枯燥。','tea202107','2025-11-01 09:30:00',NULL,NULL,'PENDING'),
                                     (68,'校园恋爱：这些“红线”不要踩','1. 不影响学业：不因为恋爱而逃课、熬夜聊天，保持“学习为主，恋爱为辅”的节奏；2. 不挥霍金钱：恋爱消费量力而行（如AA制吃饭、送平价礼物），避免“为了面子而过度消费”（如买奢侈品、去高档餐厅），增加家庭经济压力；3. 不越界：尊重对方的意愿，不强迫对方做“不愿意的事”（如发生亲密关系、见家长），保持健康的恋爱边界；4. 不纠缠：若对方提出分手，尊重对方的决定，不纠缠、不威胁、不诋毁，保持体面。','tea202208','2025-11-01 10:15:00','adm201202','2025-11-04 10:15:00','PASSED'),
                                     (69,'时间管理误区：大学生别踩这3个“坑”','1. 过度规划：每天把时间排满（如“6点起床、6:30背单词、7点吃饭、7:30去图书馆”），一旦某项没完成就焦虑，建议留“弹性时间”（如每天留1小时应对突发情况）；2. 忽视休息：认为“学习时间越长越好”，熬夜学习、不休息，导致效率下降，建议“每学习1小时休息10分钟”，保证劳逸结合；3. 盲目跟风：别人用“番茄工作法”就跟着用，别人“早上5点起床”就跟着起，不考虑自己的习惯（如“夜猫子适合晚上学习”），建议找到适合自己的时间管理方式。','tea202309','2025-11-01 14:00:00','adm201403','2025-11-04 14:00:00','PASSED'),
                                     (70,'心理求助误区：大学生别让这些“想法”耽误求助','1. “求助是软弱的表现”：求助是“主动解决问题的勇气”，不是软弱，每个人都会遇到自己解决不了的问题；2. “心理问题会被别人知道”：学校心理中心严格保密（除非有自杀、伤人风险），不会泄露你的隐私；3. “心理问题会自己好”：轻微的情绪问题可能会自己好，但持续的心理问题（如超过2周的情绪低落）需要专业帮助，拖延会让问题更严重；4. “只有严重的心理问题才需要求助”：即使是“考试焦虑、宿舍矛盾”等小问题，也可以找心理老师聊，获得专业建议。','tea202410','2025-11-01 15:30:00','adm201001','2025-11-05 15:30:00','PASSED'),
                                     (71,'毕业答辩技巧：如何“顺利通过”答辩','1. PPT准备：控制在10-15页，突出“研究背景、研究方法、研究结果、结论”，避免文字过多（每页文字不超过20字），多用图表（如数据图、流程图）；2. 演讲练习：提前练习3-5遍，控制时间（通常10-15分钟），熟悉内容，避免照读PPT；3. 应对提问：老师提问时认真听，不懂的问题说“这个问题我还没深入研究，以后会加强学习”，懂的问题有条理回答（如“首先...其次...最后...”）；4. 态度诚恳：即使答辩中出现失误（如PPT播放错误、回答错问题），也保持冷静，诚恳道歉，老师更看重你的态度。','tea201501','2025-11-02 09:00:00',NULL,NULL,'PENDING'),
                                     (72,'实习安全：大学生实习必须注意的3个安全问题','1. 企业核实：通过“国家企业信用信息公示系统”核实企业是否正规，避免“传销、诈骗公司”；2. 人身安全：不单独和男同事、男领导去偏僻的地方（如“单独出差、加班到深夜”），遇到骚扰及时报警；3. 财产安全：不向企业交“押金、培训费”，不泄露自己的银行卡号、密码，避免被骗。','tea201602','2025-11-02 10:45:00','adm201202','2025-11-05 10:45:00','BANNED'),
                                     (73,'社交能力提升：大学生可以从“这些小事”做起','1. 主动打招呼：每天和室友、同学、老师主动说“早上好”“再见”，培养社交习惯；2. 参与讨论：课堂上、社团会议上，主动发表自己的观点（即使是“我同意XX的看法，因为...”），锻炼表达能力；3. 记住细节：记住同学的“名字、生日、兴趣爱好”（如“XX喜欢打篮球”），下次聊天时提到，让对方感受到被重视；4. 学会赞美：真诚赞美同学的优点（如“你今天的PPT做得真好”“你跑步真快”），拉近距离。','tea201703','2025-11-02 14:15:00','adm201403','2025-11-05 14:15:00','PASSED'),
                                     (74,'情绪管理：如何应对“考试前的焦虑”','1. 考前准备：提前1-2周复习，避免“临时抱佛脚”导致的焦虑；2. 放松训练：考前1天做“全身放松训练”（如渐进式肌肉放松、冥想），缓解紧张；3. 积极暗示：考前对自己说“我已经复习好了，能正常发挥”“即使考不好也没关系，下次可以再来”；4. 正常作息：考前1天不熬夜，保证7-8小时睡眠，避免“熬夜复习”导致第二天精神差。','tea201804','2025-11-02 15:45:00','adm201001','2025-11-06 15:45:00','PASSED'),
                                     (75,'考研复习计划：给“二战”考生的3个建议','1. 复盘总结：分析“一战失败的原因”（如“英语没考好”“专业课复习不全面”），针对性制定计划（如“每天花2小时学英语”“专业课多刷真题”）；2. 调整心态：别把“二战”当成“压力”，当成“弥补遗憾的机会”，避免“如果再失败怎么办”的过度担忧；3. 劳逸结合：每周留1天休息，和朋友出去玩、运动，避免“全年无休”导致的 burnout，保持良好的复习状态。','tea201905','2025-11-03 09:30:00',NULL,NULL,'PENDING'),
                                     (76,'实习中的自我保护：这些“权益”要知道','1. 签订协议：和企业签订“实习协议”，明确“工作内容、薪资、工作时间、安全保障”，避免“口头约定”；2. 薪资权益：实习薪资不低于当地最低工资标准（如安徽合肥最低工资标准2060元/月），企业不得无故拖欠薪资；3. 工作时间：实习期间每天工作不超过8小时，每周不超过44小时，企业不得强制加班（若加班，需支付加班费或安排调休）；4. 安全保障：企业应为实习生提供“安全的工作环境”，若在实习中受伤，企业需承担医疗费用（属于工伤）。','tea202006','2025-11-03 10:15:00','adm201202','2025-11-06 10:15:00','PASSED'),
                                     (77,'学习方法：如何“高效复习”专业课','1. 梳理框架：用思维导图梳理“专业课的章节框架”（如“心理学专业的‘认知心理学’包含‘注意、记忆、思维’等章节”），建立知识体系；2. 重点突破：根据老师划的重点、往年真题，聚焦“高频考点”（如“管理学的‘马斯洛需求层次理论’”），优先复习；3. 主动回忆：合上书后“默写知识点框架”“自己给自己讲题”，比“被动看书”效率高；4. 做题巩固：做“课后习题、真题”，通过做题发现“自己没掌握的知识点”，针对性查漏补缺。','tea202107','2025-11-03 14:00:00','adm201403','2025-11-06 14:00:00','PASSED'),
                                     (78,'校园恋爱：如何“维持长期健康的恋爱关系”','1. 有效沟通：定期和对方聊“自己的感受、需求、对未来的规划”（如“我希望我们每周能一起去一次图书馆”），避免“猜来猜去”；2. 互相包容：接受对方的“缺点”（如“对方偶尔会迟到”“对方不太会说话”），不强迫对方“改变成自己想要的样子”；3. 共同成长：一起制定“小目标”（如“一起考研”“一起学英语”），互相监督，共同进步，避免“恋爱后停滞不前”；4. 保持独立：恋爱后仍有“自己的社交圈、兴趣爱好”，不把“对方当成生活的全部”，避免“过度依赖”。','tea202208','2025-11-03 15:30:00','adm201001','2025-11-07 15:30:00','PASSED'),
                                     (79,'时间管理：给“拖延症”大学生的3个建议','1. 5分钟启动法：告诉自己“只做5分钟”，通常进入状态后会自然延长学习时间（如“只背5分钟单词”，实际可能背20分钟）；2. Accountability（问责机制）：找1个“学习搭档”（如室友、同专业同学），每天互相打卡“今日学习任务”（如微信同步“完成高数2道题”），互相监督避免拖延；3. 后果可视化：想象“拖延的具体后果”（如“今天不写作业→明天堆积3科作业→熬夜赶工导致上课犯困→错过重点→期末挂科”），用明确后果替代“模糊焦虑”，倒逼行动。','tea202309','2025-11-04 09:30:00','adm201403','2025-11-07 09:30:00','PASSED'),
                                     (80,'心理求助：大学生常见的“3个认知误区”','1. “只有严重心理问题才需要求助”：即使是“考试焦虑、宿舍小矛盾”等小事，也可找心理老师聊，专业建议能帮你少走弯路；2. “求助会被同学议论”：学校心理中心严格遵守保密原则（除非涉及自杀、伤人等极端情况），你的信息不会被泄露给同学或老师；3. “自己能扛过去，不用麻烦别人”：承认“自己需要帮助”是勇气，而非软弱——就像感冒会吃药一样，心理不适也需要专业支持，拖延可能让小问题变严重。安徽大学心理中心预约方式：工作日9:00-17:00，线下（大学生活动中心3楼）或线上（企业微信“心理预约”模块）。','tea202410','2025-11-04 10:15:00','adm201001','2025-11-07 10:15:00','PASSED'),
                                     (81,'考研冲刺期：如何“高效复盘”错题','1. 分类整理：将错题按“知识点盲区”（如高数的“微分方程”、英语的“完形填空固定搭配”）分类，而非按“科目”堆在一起；2. 标注原因：每道错题旁写清“错误类型”（如“计算失误”“知识点没懂”“审题不清”），避免下次犯同类错；3. 定期重做：错题本每周复盘1次，优先重做“知识点盲区”的题目（如周一做10道上周的微分方程错题），直到能独立做对，避免“只抄不看”的形式主义。','tea201501','2025-11-04 14:00:00',NULL,NULL,'PENDING'),
                                     (82,'实习总结：3个让“实习经历”更有价值的技巧','1. 记录成果：每天下班前花10分钟写“实习日志”，记录“今天做了什么”“解决了什么问题”（如“整理100份客户资料，优化分类逻辑节省20%查找时间”），为简历积累素材；2. 提炼能力：从实习中总结“可迁移能力”（如“组织部门会议→沟通协调能力”“制作数据报表→数据分析能力”），这些能力适用于任何岗位；3. 维护人脉：实习结束后，给带教老师、同事发“感谢消息”（如“感谢老师这段时间的指导，我学到了很多职场沟通技巧”），保持弱联系，未来可能获得内推机会。','tea201602','2025-11-04 15:30:00','adm201202','2025-11-08 15:30:00','PASSED');
/*!40000 ALTER TABLE `psych_knowledge` ENABLE KEYS */;
UNLOCK TABLES;


LOCK TABLES `psych_knowledge_report` WRITE;
/*!40000 ALTER TABLE `psych_knowledge_report` DISABLE KEYS */;
INSERT INTO `psych_knowledge_report` (`report_id`,`knowledge_id`,`report_reason`,`reporter_username`,`report_time`) VALUES (1,1,'内容涉及错误心理学术语，需修正','adm201001','2025-11-01 09:00:00'),
                                            (2,3,'观点过于片面，缺乏科学依据','adm201202','2025-11-01 10:30:00'),
                                            (3,5,'未标注引用来源，权威性不足','adm201403','2025-11-01 14:20:00'),
                                            (4,7,'案例过时，需更新2025年最新研究','adm201001','2025-11-02 08:45:00'),
                                            (5,9,'语言表述易引发误解，建议优化','adm201202','2025-11-02 11:10:00'),
                                            (6,2,'“压力管理”建议不适合毕业班学生','stu2021001','2025-11-02 15:00:00'),
                                            (7,4,'“宿舍关系”案例与实际情况不符','stu2021002','2025-11-03 09:20:00'),
                                            (8,6,'“学习动力”方法过于笼统，缺乏实操','stu2021003','2025-11-03 10:50:00'),
                                            (9,8,'“情绪调节”未考虑内向性格学生','stu2021004','2025-11-03 14:30:00'),
                                            (10,10,'“考研心理”建议与当前政策不符','stu2021005','2025-11-04 08:50:00'),
                                            (11,12,'“恋爱心理”观点保守，需更新','stu2021006','2025-11-04 11:20:00'),
                                            (12,14,'“就业焦虑”解决措施不切实际','stu2021007','2025-11-04 15:10:00'),
                                            (13,16,'“社交恐惧”描述过于简单','stu2021008','2025-11-05 09:00:00'),
                                            (14,18,'“时间管理”工具推荐过时','stu2021009','2025-11-05 10:40:00'),
                                            (15,20,'“拖延症”原因分析不全面','stu2021010','2025-11-05 14:20:00'),
                                            (16,22,'“自我认知”测试题来源不明','stu2021011','2025-11-06 08:40:00'),
                                            (17,24,'“家庭关系”建议忽视地域差异','stu2021012','2025-11-06 11:00:00'),
                                            (18,26,'“网络成瘾”判断标准错误','stu2021013','2025-11-06 15:30:00'),
                                            (19,28,'“饮食心理”数据引用错误','stu2021014','2025-11-07 09:10:00'),
                                            (20,30,'“运动心理”建议存在安全隐患','stu2021015','2025-11-07 10:50:00'),
                                            (21,32,'“考试焦虑”缓解方法无效','stu2021016','2025-11-07 14:40:00'),
                                            (22,34,'“专业选择”心理指导片面','stu2021017','2025-11-08 08:55:00'),
                                            (23,36,'“创业心理”风险提示不足','stu2021018','2025-11-08 11:25:00'),
                                            (24,38,'“留学心理”准备建议不完整','stu2021019','2025-11-08 15:05:00'),
                                            (25,40,'“公益心理”案例陈旧','stu2021020','2025-11-09 09:05:00'),
                                            (26,42,'“艺术疗愈”描述不准确','stu2022001','2025-11-09 10:45:00'),
                                            (27,44,'“正念冥想”步骤错误','stu2022002','2025-11-09 14:35:00'),
                                            (28,46,'“创伤修复”建议不专业','stu2022003','2025-11-10 08:45:00'),
                                            (29,48,'“老年心理”内容与校园无关','stu2022004','2025-11-10 11:15:00'),
                                            (30,50,'“儿童心理”案例不适合大学生','stu2022005','2025-11-10 15:25:00'),
                                            (31,52,'“团体辅导”流程错误','tea201501','2025-11-11 09:20:00'),
                                            (32,54,'“心理评估”工具推荐过时','tea201602','2025-11-11 10:50:00'),
                                            (33,56,'“危机干预”步骤不规范','tea201703','2025-11-11 14:40:00'),
                                            (34,58,'“咨询伦理”描述错误','tea201804','2025-11-12 08:50:00'),
                                            (35,60,'“督导制度”解释不准确','tea201905','2025-11-12 11:20:00'),
                                            (36,62,'“学科压力”分析不对应专业','tea200601','2025-11-12 15:10:00'),
                                            (37,64,'“科研心理”建议脱离实际','tea200702','2025-11-13 09:00:00'),
                                            (38,66,'“教学互动”心理指导错误','tea200803','2025-11-13 10:40:00'),
                                            (39,68,'“学术诚信”心理动机分析片面','tea200904','2025-11-13 14:30:00'),
                                            (40,70,'“校企合作”心理适应建议不足','tea201005','2025-11-14 08:40:00'),
                                            (41,72,'“国际交流”文化心理忽视','tea201106','2025-11-14 11:10:00'),
                                            (42,74,'“论文写作”心理障碍解决无效','tea201207','2025-11-14 15:00:00'),
                                            (43,76,'“专利申报”心理压力应对不足','tea201308','2025-11-15 09:10:00'),
                                            (44,78,'“学术会议”社交心理指导错误','tea201409','2025-11-15 10:50:00'),
                                            (45,80,'“成果转化”心理准备建议缺失','tea201510','2025-11-15 14:40:00');
/*!40000 ALTER TABLE `psych_knowledge_report` ENABLE KEYS */;
UNLOCK TABLES;


-- Dump completed on 2025-10-15 19:21:26

